game_date,home_team,away_team,home_odds,away_odds,home_score,away_score,home_win,season,source_query,source,market_home_raw_prob,market_away_raw_prob,market_home_no_vig_prob,home_decimal_odds,away_decimal_odds,home_games_played,home_win_pct,home_last5_win_pct,home_gf_per_game,home_ga_per_game,home_goal_diff_per_game,home_last5_gf_per_game,home_last5_ga_per_game,home_rest_days,away_games_played,away_win_pct,away_last5_win_pct,away_gf_per_game,away_ga_per_game,away_goal_diff_per_game,away_last5_gf_per_game,away_last5_ga_per_game,away_rest_days,home_is_favorite,home_form_edge,home_goal_diff_edge,home_rest_edge,home_market_edge_feature,train_rows,model_home_win_prob_raw,model_home_win_prob,model_away_win_prob,market_away_no_vig_prob
2026-04-11,TOR,FLA,-130,114,2,6,0,20252026,Florida Panthers highest moneyline 2025-26,statmuse,0.5652173913043478,0.4672897196261682,0.5474222746950019,1.7692307692307692,2.1399999999999997,383.0,0.5483028720626631,0.2,3.3028720626631856,3.0417754569190603,0.26109660574412535,3.0,4.8,2.0,422.0,0.5616113744075829,0.2,3.2322274881516586,2.9644549763033177,0.2677725118483412,2.4,4.8,2.0,1,0.0,-0.006675906104215867,0.0,0.04742227469500193,4368,0.5059758,0.5059757828712463,0.49402421712875366,0.45257772530499807
2026-04-11,UTA,CAR,-131,108,1,4,0,20252026,Carolina Hurricanes highest moneyline 2025-26,statmuse,0.5670995670995671,0.4807692307692308,0.541193294669103,1.7633587786259541,2.08,174.0,0.5,1.0,3.0919540229885056,2.9885057471264367,0.10344827586206896,5.8,2.8,2.0,389.0,0.609254498714653,0.8,3.365038560411311,2.7583547557840618,0.6066838046272494,5.0,3.4,2.0,1,0.19999999999999996,-0.5032355287651804,0.0,0.04119329466910304,4368,0.50511336,0.5051133632659912,0.4948866367340088,0.45880670533089696
2026-04-12,ANA,VAN,-329,261,3,4,0,20252026,Anaheim Ducks lowest moneyline 2025-26,statmuse,0.7668997668997669,0.2770083102493075,0.734643005152503,1.303951367781155,3.61,353.0,0.40226628895184136,0.2,2.784702549575071,3.5665722379603397,-0.7818696883852692,2.8,4.2,3.0,363.0,0.46005509641873277,0.2,3.024793388429752,3.278236914600551,-0.2534435261707989,2.4,4.2,1.0,1,0.0,-0.5284261622144703,2.0,0.23464300515250303,4380,0.47518882,0.47518882155418396,0.524811178445816,0.265356994847497
2026-04-12,CBJ,BOS,-198,163,2,3,0,20252026,Boston Bruins highest moneyline 2025-26,statmuse,0.6644295302013423,0.38022813688212925,0.6360260888682611,1.5050505050505052,2.63,357.0,0.40896358543417366,0.4,2.991596638655462,3.4677871148459385,-0.47619047619047616,2.2,3.4,1.0,371.0,0.5606469002695418,0.0,3.188679245283019,2.8194070080862534,0.3692722371967655,1.8,3.0,1.0,1,0.4,-0.8454627133872417,0.0,0.13602608886826106,4380,0.46464407,0.46464407444000244,0.5353559255599976,0.36397391113173894
2026-04-12,CGY,UTA,139,-167,4,1,1,20252026,Calgary Flames highest moneyline 2025-26,statmuse,0.41841004184100417,0.6254681647940075,0.4008226622431057,2.3899999999999997,1.5988023952095807,357.0,0.46218487394957986,0.2,2.910364145658263,3.100840336134454,-0.19047619047619047,2.6,4.0,1.0,175.0,0.49714285714285716,0.8,3.08,2.994285714285714,0.08571428571428572,4.8,3.2,1.0,0,-0.6000000000000001,-0.2761904761904762,0.0,-0.0991773377568943,4380,0.45532107,0.4553210735321045,0.5446789264678955,0.5991773377568943
2026-04-12,NJD,OTT,-126,104,4,3,1,20252026,New Jersey Devils lowest moneyline 2025-26,statmuse,0.5575221238938053,0.49019607843137253,0.532129844319311,1.7936507936507935,2.04,371.0,0.5256064690026954,0.4,3.105121293800539,2.9973045822102424,0.1078167115902965,2.8,3.4,1.0,361.0,0.5124653739612188,0.8,3.152354570637119,3.14404432132964,0.008310249307479225,4.2,2.0,1.0,1,-0.4,0.09950646228281727,0.0,0.032129844319310985,4380,0.4796666,0.4796665906906128,0.5203334093093872,0.467870155680689
2026-04-12,WSH,PIT,-147,122,3,0,1,20252026,Washington Capitals lowest moneyline 2025-26,statmuse,0.5951417004048583,0.45045045045045046,0.5691910559179544,1.6802721088435373,2.2199999999999998,364.0,0.5137362637362637,0.6,3.098901098901099,3.043956043956044,0.054945054945054944,4.0,4.0,1.0,353.0,0.47592067988668557,0.6,3.2067988668555243,3.2322946175637393,-0.025495750708215296,5.0,4.0,1.0,1,0.0,0.08044080565327025,0.0,0.06919105591795438,4380,0.4993873,0.49938729405403137,0.5006127059459686,0.4308089440820456
2026-04-13,CHI,BUF,169,-207,1,5,0,20252026,Buffalo Sabres lowest moneyline 2025-26,statmuse,0.37174721189591076,0.6742671009771987,0.3553940011344825,2.69,1.4830917874396135,350.0,0.30857142857142855,0.2,2.462857142857143,3.5342857142857143,-1.0714285714285714,2.4,4.0,2.0,352.0,0.5170454545454546,0.6,3.3494318181818183,3.2642045454545454,0.08522727272727272,3.4,3.0,4.0,0,-0.39999999999999997,-1.156655844155844,-2.0,-0.1446059988655175,4385,0.35527095,0.35527095198631287,0.6447290480136871,0.6446059988655175
2026-04-13,EDM,COL,104,-125,1,2,0,20252026,Colorado Avalanche highest moneyline 2025-26,statmuse,0.49019607843137253,0.5555555555555556,0.46874999999999994,2.04,1.8,417.0,0.5731414868105515,0.4,3.4796163069544366,3.050359712230216,0.4292565947242206,2.8,3.0,2.0,374.0,0.5989304812834224,0.6,3.481283422459893,2.839572192513369,0.6417112299465241,2.4,1.6,2.0,0,-0.19999999999999996,-0.21245463522230346,0.0,-0.031250000000000056,4385,0.4786876,0.4786876142024994,0.5213123857975006,0.53125
2026-04-13,FLA,NYR,132,-160,3,2,1,20252026,Florida Panthers highest moneyline 2025-26,statmuse,0.43103448275862066,0.6153846153846154,0.41191381495564006,2.3200000000000003,1.625,423.0,0.5626477541371159,0.2,3.2387706855791962,2.962174940898345,0.2765957446808511,3.2,5.0,2.0,373.0,0.5254691689008043,0.4,3.158176943699732,2.9168900804289546,0.24128686327077747,3.4,2.4,2.0,0,-0.2,0.0353088814100736,0.0,-0.08808618504435994,4385,0.4678294,0.4678294062614441,0.5321705937385559,0.5880861850443599
2026-04-13,NSH,SJS,-154,127,2,3,0,20252026,Nashville Predators lowest moneyline 2025-26,statmuse,0.6062992125984252,0.44052863436123346,0.5791775738096027,1.6493506493506493,2.27,354.0,0.4774011299435028,0.6,2.9237288135593222,3.1016949152542375,-0.17796610169491525,3.2,2.2,2.0,349.0,0.3123209169054441,0.2,2.679083094555874,3.7822349570200573,-1.1031518624641834,2.4,4.6,2.0,1,0.39999999999999997,0.9251857607692682,0.0,0.07917757380960266,4385,0.46646443,0.46646443009376526,0.5335355699062347,0.42082242619039734
2026-04-13,PHI,CAR,-166,138,3,2,1,20252026,Carolina Hurricanes highest moneyline 2025-26,statmuse,0.6240601503759399,0.42016806722689076,0.5976281236764084,1.6024096385542168,2.38,352.0,0.4375,0.8,2.840909090909091,3.241477272727273,-0.4005681818181818,4.2,2.0,2.0,390.0,0.6102564102564103,0.8,3.3666666666666667,2.753846153846154,0.6128205128205129,4.8,3.4,2.0,1,0.0,-1.0133886946386947,0.0,0.09762812367640838,4385,0.54418594,0.5441859364509583,0.45581406354904175,0.4023718763235916
2026-04-13,SEA,LAK,147,-176,3,5,0,20252026,Los Angeles Kings lowest moneyline 2025-26,statmuse,0.4048582995951417,0.6376811594202898,0.38833858622242234,2.4699999999999998,1.5681818181818183,363.0,0.4628099173553719,0.4,2.9917355371900825,3.0798898071625342,-0.0881542699724518,2.8,3.8,2.0,371.0,0.5283018867924528,0.8,3.0970350404312668,2.8733153638814017,0.22371967654986524,3.8,2.8,2.0,0,-0.4,-0.31187394652231704,0.0,-0.11166141377757766,4385,0.42980263,0.42980262637138367,0.5701973736286163,0.6116614137775777
2026-04-13,STL,MIN,-188,154,6,3,1,20252026,Minnesota Wild highest moneyline 2025-26,statmuse,0.6527777777777778,0.3937007874015748,0.6237851395130107,1.5319148936170213,2.54,361.0,0.48476454293628807,0.6,2.9916897506925206,3.146814404432133,-0.15512465373961218,3.4,2.6,2.0,363.0,0.5426997245179064,0.6,3.068870523415978,2.925619834710744,0.14325068870523416,3.8,2.8,2.0,1,0.0,-0.2983753424448463,0.0,0.12378513951301073,4385,0.5379793,0.5379793047904968,0.4620206952095032,0.37621486048698927
2026-04-13,TBL,DET,-200,165,4,3,1,20252026,Detroit Red Wings highest moneyline 2025-26,statmuse,0.6666666666666666,0.37735849056603776,0.6385542168674698,1.5,2.65,367.0,0.55858310626703,0.4,3.4523160762942777,3.008174386920981,0.444141689373297,2.0,2.8,2.0,358.0,0.48044692737430167,0.2,3.0279329608938546,3.195530726256983,-0.16759776536312848,3.4,4.2,2.0,1,0.2,0.6117394547364254,0.0,0.13855421686746983,4385,0.53945374,0.5394537448883057,0.46054625511169434,0.3614457831325302
2026-04-13,TOR,DAL,163,-196,5,6,0,20252026,Dallas Stars lowest moneyline 2025-26,statmuse,0.38022813688212925,0.6621621621621622,0.364765613447035,2.63,1.510204081632653,384.0,0.546875,0.0,3.2994791666666665,3.0494791666666665,0.25,2.4,5.2,2.0,408.0,0.5931372549019608,0.8,3.338235294117647,2.7720588235294117,0.5661764705882353,2.8,1.8,2.0,0,-0.8,-0.3161764705882353,0.0,-0.135234386552965,4385,0.38173375,0.3817337453365326,0.6182662546634674,0.635234386552965
2026-04-13,VGK,WPG,-183,152,6,2,1,20252026,Winnipeg Jets highest moneyline 2025-26,statmuse,0.6466431095406361,0.3968253968253968,0.6197054396903892,1.5464480874316942,2.52,393.0,0.5597964376590331,0.8,3.2646310432569976,2.8651399491094147,0.3994910941475827,3.8,2.2,2.0,372.0,0.5591397849462365,0.6,3.077956989247312,2.7311827956989245,0.3467741935483871,2.4,3.0,2.0,1,0.20000000000000007,0.05271690059919559,0.0,0.11970543969038916,4385,0.545717,0.5457170009613037,0.4542829990386963,0.38029456030961084
2026-04-14,BOS,NJD,-152,127,4,0,1,20252026,Boston Bruins lowest moneyline 2025-26,statmuse,0.6031746031746031,0.44052863436123346,0.5779177274554469,1.6578947368421053,2.27,372.0,0.5618279569892473,0.2,3.1881720430107525,2.817204301075269,0.3709677419354839,2.2,3.0,2.0,372.0,0.5268817204301075,0.6,3.10752688172043,2.997311827956989,0.11021505376344086,3.0,3.2,2.0,1,-0.39999999999999997,0.260752688172043,0.0,0.0779177274554469,4395,0.48689067,0.48689067363739014,0.5131093263626099,0.4220822725445531
2026-04-14,CBJ,WSH,-153,128,1,2,0,20252026,Columbus Blue Jackets lowest moneyline 2025-26,statmuse,0.6047430830039525,0.43859649122807015,0.5796224910275156,1.65359477124183,2.2800000000000002,358.0,0.40782122905027934,0.4,2.988826815642458,3.4664804469273744,-0.4776536312849162,2.4,3.0,2.0,365.0,0.5150684931506849,0.8,3.0986301369863014,3.0356164383561643,0.06301369863013699,4.0,2.6,2.0,1,-0.4,-0.5406673299150532,0.0,0.07962249102751562,4395,0.48155335,0.4815533459186554,0.5184466540813446,0.4203775089724844
2026-04-14,MIN,ANA,144,-174,3,2,1,20252026,Anaheim Ducks lowest moneyline 2025-26,statmuse,0.4098360655737705,0.635036496350365,0.3922354557947778,2.44,1.5747126436781609,364.0,0.5412087912087912,0.4,3.068681318681319,2.934065934065934,0.1346153846153846,3.6,3.8,1.0,354.0,0.4011299435028249,0.2,2.785310734463277,3.5677966101694913,-0.7824858757062146,2.8,4.2,2.0,0,0.2,0.9171012603215992,-1.0,-0.10776454420522219,4395,0.4201366,0.42013660073280334,0.5798633992671967,0.6077645442052222
2026-04-14,NYI,CAR,-181,151,1,2,0,20252026,Carolina Hurricanes highest moneyline 2025-26,statmuse,0.6441281138790036,0.398406374501992,0.6178482544777034,1.5524861878453038,2.51,362.0,0.48066298342541436,0.2,2.8812154696132595,3.0248618784530388,-0.143646408839779,2.0,3.6,2.0,391.0,0.6086956521739131,0.6,3.363171355498721,2.7544757033248084,0.6086956521739131,4.4,3.4,1.0,1,-0.39999999999999997,-0.752342061013692,1.0,0.11784825447770342,4395,0.51212823,0.5121282339096069,0.48787176609039307,0.3821517455222966
2026-04-14,PHI,MTL,240,-299,4,2,1,20252026,Montreal Canadiens lowest moneyline 2025-26,statmuse,0.29411764705882354,0.7493734335839599,0.28185928228313084,3.4,1.334448160535117,353.0,0.43909348441926344,0.8,2.8413597733711047,3.237960339943343,-0.39660056657223797,4.0,2.2,1.0,358.0,0.4441340782122905,0.6,3.005586592178771,3.377094972067039,-0.3715083798882682,2.4,2.6,2.0,0,0.20000000000000007,-0.025092186683969786,-1.0,-0.21814071771686916,4395,0.32207832,0.32207831740379333,0.6779216825962067,0.7181407177168692
2026-04-14,STL,PIT,-219,180,7,5,1,20252026,Pittsburgh Penguins highest moneyline 2025-26,statmuse,0.6865203761755486,0.35714285714285715,0.6577987556318386,1.45662100456621,2.8,362.0,0.4861878453038674,0.6,3.0,3.1464088397790055,-0.1464088397790055,3.4,2.8,1.0,354.0,0.4745762711864407,0.6,3.1977401129943503,3.231638418079096,-0.03389830508474576,4.4,3.4,2.0,1,0.0,-0.11251053469425976,-1.0,0.15779875563183865,4395,0.51142246,0.5114224553108215,0.48857754468917847,0.34220124436816135
2026-04-14,UTA,WPG,-223,181,5,3,1,20252026,Utah Mammoth lowest moneyline 2025-26,statmuse,0.6904024767801857,0.35587188612099646,0.6598675273527584,1.4484304932735426,2.81,176.0,0.4943181818181818,0.6,3.0681818181818183,3.0,0.06818181818181818,3.8,3.6,2.0,373.0,0.5576407506702413,0.6,3.0750670241286864,2.739946380697051,0.3351206434316354,2.8,3.6,1.0,1,0.0,-0.2669388252498172,1.0,0.15986752735275844,4395,0.5058506,0.505850613117218,0.494149386882782,0.34013247264724156
2026-04-14,VAN,LAK,138,-167,4,3,1,20252026,Los Angeles Kings lowest moneyline 2025-26,statmuse,0.42016806722689076,0.6254681647940075,0.4018300574902929,2.38,1.5988023952095807,364.0,0.46153846153846156,0.4,3.0274725274725274,3.2774725274725274,-0.25,2.8,3.8,2.0,372.0,0.5295698924731183,1.0,3.1021505376344085,2.8736559139784945,0.22849462365591397,4.0,2.4,1.0,0,-0.6,-0.478494623655914,1.0,-0.09816994250970712,4395,0.35276455,0.3527645468711853,0.6472354531288147,0.5981699425097071
2026-04-15,BUF,DAL,123,-149,3,4,0,20252026,Buffalo Sabres highest moneyline 2025-26,statmuse,0.4484304932735426,0.5983935742971888,0.42837235708018645,2.23,1.6711409395973154,353.0,0.5184135977337111,0.8,3.3541076487252126,3.2577903682719547,0.09631728045325778,4.2,2.4,2.0,409.0,0.5941320293398533,0.8,3.3447432762836184,2.7775061124694376,0.5672371638141809,3.4,2.8,2.0,0,0.0,-0.4709198833609231,0.0,-0.07162764291981355,4403,0.42369455,0.42369455099105835,0.5763054490089417,0.5716276429198135
2026-04-15,CHI,SJS,103,-125,5,2,1,20252026,Chicago Blackhawks lowest moneyline 2025-26,statmuse,0.49261083743842365,0.5555555555555556,0.46997389033942555,2.0300000000000002,1.8,351.0,0.3076923076923077,0.2,2.4586894586894585,3.5384615384615383,-1.0797720797720798,2.4,4.4,2.0,350.0,0.3142857142857143,0.4,2.68,3.777142857142857,-1.0971428571428572,2.4,3.8,2.0,0,-0.2,0.017370777370777413,0.0,-0.03002610966057445,4403,0.37706557,0.3770655691623688,0.6229344308376312,0.5300261096605745
2026-04-15,FLA,DET,140,-168,8,1,1,20252026,Detroit Red Wings lowest moneyline 2025-26,statmuse,0.4166666666666667,0.6268656716417911,0.39928486293206195,2.4,1.5952380952380953,424.0,0.5636792452830188,0.4,3.2382075471698113,2.9599056603773586,0.2783018867924528,3.0,3.6,2.0,359.0,0.479108635097493,0.2,3.0278551532033426,3.1977715877437327,-0.16991643454038996,3.8,4.2,2.0,0,0.2,0.4482183213328428,0.0,-0.10071513706793805,4403,0.39915892,0.39915892481803894,0.6008410751819611,0.600715137067938
2026-04-15,OTT,TOR,-202,167,3,1,1,20252026,Ottawa Senators lowest moneyline 2025-26,statmuse,0.6688741721854304,0.37453183520599254,0.6410488030998168,1.495049504950495,2.67,362.0,0.511049723756906,0.8,3.1519337016574585,3.1464088397790055,0.0055248618784530384,4.6,2.0,3.0,385.0,0.5454545454545454,0.0,3.303896103896104,3.057142857142857,0.24675324675324675,3.2,5.6,2.0,1,0.8,-0.2412283848747937,1.0,0.14104880309981682,4403,0.5119388,0.5119388103485107,0.48806118965148926,0.3589511969001832
2026-04-15,TBL,NYR,-151,127,2,4,0,20252026,New York Rangers highest moneyline 2025-26,statmuse,0.601593625498008,0.44052863436123346,0.5772773969718915,1.6622516556291391,2.27,368.0,0.5597826086956522,0.4,3.453804347826087,3.0081521739130435,0.44565217391304346,2.2,3.2,2.0,374.0,0.5240641711229946,0.4,3.1550802139037435,2.9171122994652405,0.23796791443850268,3.4,2.4,2.0,1,0.0,0.20768425947454078,0.0,0.07727739697189151,4403,0.50342625,0.5034262537956238,0.4965737462043762,0.4227226030281085
2026-04-15,VGK,SEA,-329,263,4,1,1,20252026,Seattle Kraken highest moneyline 2025-26,statmuse,0.7668997668997669,0.27548209366391185,0.7357186420004066,1.303951367781155,3.63,394.0,0.5609137055837563,0.8,3.271573604060914,2.8629441624365484,0.4086294416243655,3.8,2.0,2.0,364.0,0.46153846153846156,0.4,2.991758241758242,3.0851648351648353,-0.09340659340659341,3.0,4.0,2.0,1,0.4,0.502036035030959,0.0,0.2357186420004066,4403,0.6091771,0.6091771125793457,0.3908228874206543,0.2642813579995934
2026-04-16,CGY,LAK,143,-172,3,1,1,20252026,Calgary Flames highest moneyline 2025-26,statmuse,0.411522633744856,0.6323529411764706,0.39422575221751993,2.4299999999999997,1.5813953488372094,359.0,0.4623955431754875,0.2,2.9080779944289694,3.094707520891365,-0.18662952646239556,2.0,3.0,2.0,373.0,0.5281501340482574,0.8,3.1018766756032172,2.876675603217158,0.225201072386059,3.2,2.0,2.0,0,-0.6000000000000001,-0.4118305988484545,0.0,-0.10577424778248007,4409,0.39607713,0.39607712626457214,0.6039228737354279,0.6057742477824801
2026-04-16,COL,SEA,-218,180,2,0,1,20252026,Seattle Kraken highest moneyline 2025-26,statmuse,0.6855345911949685,0.35714285714285715,0.6574752261956054,1.4587155963302751,2.8,376.0,0.601063829787234,0.8,3.476063829787234,2.8297872340425534,0.6462765957446809,2.6,1.4,2.0,365.0,0.4602739726027397,0.4,2.9863013698630136,3.0876712328767124,-0.10136986301369863,2.8,3.6,1.0,1,0.4,0.7476464587583795,1.0,0.1574752261956054,4409,0.62074,0.6207399964332581,0.37926000356674194,0.3425247738043946
2026-04-16,EDM,VAN,-360,276,6,1,1,20252026,Edmonton Oilers lowest moneyline 2025-26,statmuse,0.782608695652174,0.26595744680851063,0.7463608292898103,1.2777777777777777,3.76,418.0,0.5717703349282297,0.2,3.473684210526316,3.047846889952153,0.4258373205741627,2.4,3.2,3.0,365.0,0.46301369863013697,0.6,3.03013698630137,3.276712328767123,-0.2465753424657534,2.8,3.0,2.0,1,-0.39999999999999997,0.6724126630399161,1.0,0.2463608292898103,4409,0.78236955,0.7823695540428162,0.21763044595718384,0.2536391707101897
2026-04-16,WPG,SJS,-161,135,1,6,0,20252026,Winnipeg Jets lowest moneyline 2025-26,statmuse,0.6168582375478927,0.425531914893617,0.5917728943458199,1.62111801242236,2.35,374.0,0.5561497326203209,0.4,3.0748663101604277,2.7459893048128343,0.32887700534759357,3.0,4.4,2.0,351.0,0.31339031339031337,0.2,2.678062678062678,3.780626780626781,-1.1025641025641026,2.2,4.4,1.0,1,0.2,1.4314411079116962,1.0,0.09177289434581992,4409,0.54849243,0.548492431640625,0.451507568359375,0.4082271056541801
2026-04-18,CAR,OTT,-148,122,2,0,1,20252026,Ottawa Senators highest moneyline 2025-26,statmuse,0.5967741935483871,0.45045045045045046,0.5698626335507146,1.6756756756756757,2.2199999999999998,392.0,0.6096938775510204,0.8,3.3596938775510203,2.75,0.6096938775510204,4.2,2.4,4.0,363.0,0.512396694214876,0.8,3.1515151515151514,3.1404958677685952,0.011019283746556474,4.0,1.6,3.0,1,0.0,0.598674593804464,1.0,0.06986263355071465,4413,0.5302188,0.530218780040741,0.46978121995925903,0.43013736644928535
2026-04-18,PIT,PHI,-146,122,2,3,0,20252026,Pittsburgh Penguins lowest moneyline 2025-26,statmuse,0.5934959349593496,0.45045045045045046,0.5685118922332141,1.6849315068493151,2.2199999999999998,355.0,0.4732394366197183,0.4,3.202816901408451,3.2422535211267607,-0.03943661971830986,3.6,4.0,4.0,354.0,0.4406779661016949,0.8,2.8446327683615817,3.2344632768361583,-0.3898305084745763,4.4,2.4,4.0,1,-0.4,0.3503938887562664,0.0,0.06851189223321408,4413,0.52464956,0.5246495604515076,0.47535043954849243,0.4314881077667859
2026-04-19,BUF,BOS,-170,141,4,3,1,20252026,Boston Bruins highest moneyline 2025-26,statmuse,0.6296296296296297,0.4149377593360996,0.602765926143887,1.5882352941176472,2.41,354.0,0.5169491525423728,0.8,3.353107344632768,3.2598870056497176,0.09322033898305085,4.4,2.0,4.0,373.0,0.5630026809651475,0.4,3.190348525469169,2.809651474530831,0.3806970509383378,2.8,2.4,5.0,1,0.4,-0.2874767119552869,-1.0,0.10276592614388702,4415,0.5483321,0.5483320951461792,0.4516679048538208,0.397234073856113
2026-04-19,COL,LAK,-292,235,2,1,1,20252026,Colorado Avalanche lowest moneyline 2025-26,statmuse,0.7448979591836735,0.29850746268656714,0.7139103780470004,1.3424657534246576,3.35,377.0,0.6021220159151194,0.8,3.4721485411140582,2.8222811671087533,0.649867374005305,2.4,1.2,3.0,374.0,0.5267379679144385,0.6,3.0962566844919786,2.877005347593583,0.2192513368983957,2.8,2.2,3.0,1,0.20000000000000007,0.4306160371069093,0.0,0.21391037804700042,4415,0.5441936,0.5441936254501343,0.4558063745498657,0.2860896219529996
2026-04-19,TBL,MTL,-181,151,3,4,0,20252026,Montreal Canadiens highest moneyline 2025-26,statmuse,0.6441281138790036,0.398406374501992,0.6178482544777034,1.5524861878453038,2.51,369.0,0.5582655826558266,0.4,3.4498644986449865,3.010840108401084,0.43902439024390244,2.2,3.2,4.0,359.0,0.4428969359331476,0.6,3.002785515320334,3.3788300835654597,-0.37604456824512533,2.8,2.8,5.0,1,-0.19999999999999996,0.8150689584890278,-1.0,0.11784825447770342,4415,0.52074736,0.5207473635673523,0.4792526364326477,0.3821517455222966
2026-04-19,VGK,UTA,-163,135,4,2,1,20252026,Utah Mammoth highest moneyline 2025-26,statmuse,0.6197718631178707,0.425531914893617,0.592910765420633,1.6134969325153374,2.35,395.0,0.5620253164556962,0.8,3.2734177215189875,2.858227848101266,0.4151898734177215,3.6,2.0,4.0,178.0,0.4943820224719101,0.4,3.0786516853932584,3.0112359550561796,0.06741573033707865,2.8,3.4,3.0,1,0.4,0.34777414308064286,1.0,0.09291076542063303,4415,0.5237414,0.5237414240837097,0.4762585759162903,0.40708923457936697
2026-04-20,CAR,OTT,-154,130,3,2,1,20252026,Ottawa Senators highest moneyline 2025-26,statmuse,0.6062992125984252,0.43478260869565216,0.5823742190069057,1.6493506493506493,2.3,393.0,0.6106870229007634,0.8,3.356234096692112,2.7430025445292623,0.6132315521628499,3.4,1.4,2.0,364.0,0.510989010989011,0.6,3.142857142857143,3.1373626373626373,0.005494505494505495,2.8,1.6,2.0,1,0.20000000000000007,0.6077370466683444,0.0,0.08237421900690567,4419,0.49378145,0.4937814474105835,0.5062185525894165,0.41762578099309433
2026-04-20,DAL,MIN,-145,123,4,2,1,20252026,Minnesota Wild highest moneyline 2025-26,statmuse,0.5918367346938775,0.4484304932735426,0.5689275974311604,1.6896551724137931,2.23,411.0,0.5936739659367397,0.8,3.340632603406326,2.7858880778588806,0.5547445255474452,3.6,3.6,2.0,366.0,0.5437158469945356,0.4,3.0765027322404372,2.9262295081967213,0.15027322404371585,3.4,3.2,2.0,1,0.4,0.4044713015037294,0.0,0.06892759743116039,4419,0.48507002,0.48507001996040344,0.5149299800395966,0.4310724025688396
2026-04-20,EDM,ANA,-199,165,4,3,1,20252026,Anaheim Ducks highest moneyline 2025-26,statmuse,0.6655518394648829,0.37735849056603776,0.6381678465541235,1.5025125628140703,2.65,419.0,0.5727923627684964,0.4,3.479713603818616,3.042959427207637,0.43675417661097854,3.4,2.4,4.0,356.0,0.40168539325842695,0.4,2.789325842696629,3.567415730337079,-0.7780898876404494,3.2,3.4,4.0,1,0.0,1.214844064251428,0.0,0.1381678465541235,4419,0.6109896,0.6109895706176758,0.3890104293823242,0.3618321534458765
2026-04-20,PIT,PHI,-154,127,0,3,0,20252026,Pittsburgh Penguins lowest moneyline 2025-26,statmuse,0.6062992125984252,0.44052863436123346,0.5791775738096027,1.6493506493506493,2.27,356.0,0.47191011235955055,0.2,3.199438202247191,3.241573033707865,-0.042134831460674156,3.0,4.2,2.0,355.0,0.4422535211267606,0.8,2.8450704225352115,3.230985915492958,-0.38591549295774646,4.0,2.6,2.0,1,-0.6000000000000001,0.3437806614970723,0.0,0.07917757380960266,4419,0.49456537,0.49456536769866943,0.5054346323013306,0.42082242619039734
2026-04-21,BUF,BOS,-166,140,2,4,0,20252026,Boston Bruins highest moneyline 2025-26,statmuse,0.6240601503759399,0.4166666666666667,0.5996387718242023,1.6024096385542168,2.4,355.0,0.5183098591549296,0.8,3.3549295774647887,3.259154929577465,0.09577464788732394,4.4,2.2,2.0,374.0,0.5614973262032086,0.4,3.1898395721925135,2.8128342245989306,0.3770053475935829,3.2,2.8,2.0,1,0.4,-0.28123069970625897,0.0,0.09963877182420233,4423,0.5184963,0.5184962749481201,0.4815037250518799,0.40036122817579767
2026-04-21,COL,LAK,-280,226,2,1,1,20252026,Colorado Avalanche lowest moneyline 2025-26,statmuse,0.7368421052631579,0.3067484662576687,0.7060643564356435,1.3571428571428572,3.26,378.0,0.6031746031746031,0.8,3.4682539682539684,2.8174603174603177,0.6507936507936508,2.2,1.2,2.0,375.0,0.5253333333333333,0.4,3.0906666666666665,2.8746666666666667,0.216,2.2,2.4,2.0,1,0.4,0.43479365079365084,0.0,0.20606435643564347,4423,0.6310338,0.6310337781906128,0.3689662218093872,0.29393564356435653
2026-04-21,TBL,MTL,-189,156,3,2,1,20252026,Montreal Canadiens highest moneyline 2025-26,statmuse,0.6539792387543253,0.390625,0.6260545520418198,1.529100529100529,2.56,370.0,0.5567567567567567,0.4,3.4486486486486485,3.0135135135135136,0.43513513513513513,2.4,2.8,2.0,360.0,0.4444444444444444,0.6,3.0055555555555555,3.3777777777777778,-0.37222222222222223,2.8,2.8,2.0,1,-0.19999999999999996,0.8073573573573574,0.0,0.1260545520418198,4423,0.55556434,0.5555643439292908,0.44443565607070923,0.3739454479581802
2026-04-21,VGK,UTA,-155,128,2,3,0,20252026,Utah Mammoth highest moneyline 2025-26,statmuse,0.6078431372549019,0.43859649122807015,0.5808678500986193,1.6451612903225805,2.2800000000000002,396.0,0.5631313131313131,0.8,3.275252525252525,2.856060606060606,0.41919191919191917,4.0,2.2,2.0,179.0,0.49162011173184356,0.2,3.0726256983240225,3.016759776536313,0.055865921787709494,2.4,4.0,2.0,1,0.6000000000000001,0.3633259974042097,0.0,0.0808678500986193,4423,0.51499104,0.514991044998169,0.48500895500183105,0.4191321499013807
2026-04-22,EDM,ANA,-195,160,4,6,0,20252026,Anaheim Ducks highest moneyline 2025-26,statmuse,0.6610169491525424,0.38461538461538464,0.6321695760598504,1.5128205128205128,2.6,420.0,0.5738095238095238,0.6,3.480952380952381,3.0428571428571427,0.4380952380952381,3.2,1.8,2.0,357.0,0.4005602240896359,0.4,2.7899159663865545,3.5686274509803924,-0.7787114845938375,3.8,3.2,2.0,1,0.19999999999999996,1.2168067226890757,0.0,0.13216957605985036,4427,0.557591,0.5575910210609436,0.4424089789390564,0.36783042394014964
2026-04-22,MIN,DAL,-113,103,3,4,0,20252026,Dallas Stars highest moneyline 2025-26,statmuse,0.5305164319248826,0.49261083743842365,0.5185243789416578,1.8849557522123894,2.0300000000000002,367.0,0.5422343324250681,0.4,3.0735694822888284,2.9291553133514987,0.1444141689373297,3.0,3.0,2.0,412.0,0.5946601941747572,0.8,3.342233009708738,2.783980582524272,0.558252427184466,3.4,3.2,2.0,1,-0.4,-0.41383825824713627,0.0,0.018524378941657815,4427,0.4693876,0.46938759088516235,0.5306124091148376,0.4814756210583422
2026-04-23,BOS,BUF,-116,-104,1,3,0,20252026,Boston Bruins lowest moneyline 2025-26,statmuse,0.5370370370370371,0.5098039215686274,0.5130072840790842,1.8620689655172413,1.9615384615384617,375.0,0.5626666666666666,0.6,3.192,2.8106666666666666,0.38133333333333336,3.0,2.0,2.0,356.0,0.5168539325842697,0.6,3.351123595505618,3.2612359550561796,0.0898876404494382,3.8,2.4,2.0,1,0.0,0.29144569288389516,0.0,0.013007284079084247,4429,0.45679256,0.45679256319999695,0.543207436800003,0.48699271592091575
2026-04-23,LAK,COL,160,-184,2,4,0,20252026,Los Angeles Kings highest moneyline 2025-26,statmuse,0.38461538461538464,0.647887323943662,0.37250786988457507,2.6,1.5434782608695652,376.0,0.523936170212766,0.2,3.0851063829787235,2.872340425531915,0.2127659574468085,2.2,2.8,2.0,379.0,0.604221635883905,1.0,3.4643799472295513,2.812664907651715,0.6517150395778364,2.2,0.8,2.0,0,-0.8,-0.4389490821310279,0.0,-0.12749213011542493,4429,0.34265393,0.34265393018722534,0.6573460698127747,0.6274921301154249
2026-04-23,OTT,CAR,-126,106,1,2,0,20252026,Carolina Hurricanes highest moneyline 2025-26,statmuse,0.5575221238938053,0.4854368932038835,0.5345580360820495,1.7936507936507935,2.06,365.0,0.5095890410958904,0.4,3.1397260273972605,3.136986301369863,0.0027397260273972603,2.2,2.0,3.0,394.0,0.6116751269035533,0.8,3.3553299492385786,2.7411167512690353,0.6142131979695431,2.6,1.4,3.0,1,-0.4,-0.6114734719421459,0.0,0.03455803608204955,4429,0.44503948,0.4450394809246063,0.5549605190753937,0.46544196391795045
2026-04-24,MTL,TBL,-102,-119,3,2,1,20252026,Tampa Bay Lightning highest moneyline 2025-26,statmuse,0.504950495049505,0.54337899543379,0.48167155425219943,1.9803921568627452,1.8403361344537816,361.0,0.44321329639889195,0.4,3.0027700831024933,3.376731301939058,-0.3739612188365651,2.8,3.2,3.0,371.0,0.5579514824797843,0.6,3.4474393530997305,3.01078167115903,0.4366576819407008,2.8,2.8,3.0,0,-0.19999999999999996,-0.810618900777266,0.0,-0.01832844574780057,4432,0.49419186,0.49419185519218445,0.5058081448078156,0.5183284457478006
2026-04-24,UTA,VGK,-102,-120,4,2,1,20252026,Utah Mammoth highest moneyline 2025-26,statmuse,0.504950495049505,0.5454545454545454,0.48071979434447304,1.9803921568627452,1.8333333333333335,180.0,0.49444444444444446,0.4,3.0722222222222224,3.011111111111111,0.06111111111111111,2.8,3.6,3.0,397.0,0.5617128463476071,0.8,3.2720403022670026,2.8564231738035266,0.4156171284634761,3.8,2.0,3.0,0,-0.4,-0.354506017352365,0.0,-0.01928020565552696,4432,0.49157935,0.4915793538093567,0.5084206461906433,0.519280205655527
2026-04-25,MIN,DAL,-130,108,3,2,1,20252026,Dallas Stars highest moneyline 2025-26,statmuse,0.5652173913043478,0.4807692307692308,0.5403677058353318,1.7692307692307692,2.08,368.0,0.5407608695652174,0.4,3.073369565217391,2.932065217391304,0.14130434782608695,3.4,3.4,3.0,413.0,0.5956416464891041,0.8,3.343825665859564,2.7845036319612593,0.559322033898305,3.8,3.8,3.0,1,-0.4,-0.4180176860722181,0.0,0.04036770583533178,4434,0.47143993,0.471439927816391,0.528560072183609,0.4596322941646682
2026-04-25,OTT,CAR,115,-138,2,4,0,20252026,Ottawa Senators highest moneyline 2025-26,statmuse,0.46511627906976744,0.5798319327731093,0.44510940714419295,2.15,1.7246376811594204,366.0,0.5081967213114754,0.2,3.133879781420765,3.133879781420765,0.0,1.8,2.4,2.0,395.0,0.6126582278481013,0.8,3.3518987341772153,2.7367088607594936,0.6151898734177215,2.2,1.4,2.0,0,-0.6000000000000001,-0.6151898734177215,0.0,-0.05489059285580705,4434,0.3497359,0.34973588585853577,0.6502641141414642,0.554890592855807
2026-04-25,PHI,PIT,-125,106,2,4,0,20252026,Philadelphia Flyers lowest moneyline 2025-26,statmuse,0.5555555555555556,0.4854368932038835,0.533678756476684,1.8,2.06,357.0,0.44537815126050423,1.0,2.8515406162464987,3.2184873949579833,-0.36694677871148457,3.6,1.6,3.0,358.0,0.4692737430167598,0.0,3.1871508379888267,3.2458100558659218,-0.05865921787709497,1.8,4.2,3.0,1,1.0,-0.3082875608343896,0.0,0.033678756476683946,4434,0.4475643,0.4475643038749695,0.5524356961250305,0.46632124352331605
2026-04-26,BOS,BUF,-120,-100,1,6,0,20252026,Boston Bruins lowest moneyline 2025-26,statmuse,0.5454545454545454,0.5,0.5217391304347826,1.8333333333333335,2.0,376.0,0.5611702127659575,0.6,3.1861702127659575,2.8111702127659575,0.375,3.0,2.2,3.0,357.0,0.5182072829131653,0.6,3.350140056022409,3.2549019607843137,0.09523809523809523,3.4,2.6,3.0,1,0.0,0.27976190476190477,0.0,0.021739130434782594,4437,0.47311643,0.4731164276599884,0.5268835723400116,0.4782608695652174
2026-04-26,LAK,COL,152,-181,1,5,0,20252026,Los Angeles Kings highest moneyline 2025-26,statmuse,0.3968253968253968,0.6441281138790036,0.381213370957239,2.52,1.5524861878453038,377.0,0.5225464190981433,0.0,3.0822281167108754,2.8753315649867375,0.20689655172413793,1.6,3.0,3.0,380.0,0.6052631578947368,1.0,3.4657894736842105,2.8105263157894735,0.6552631578947369,2.6,1.0,3.0,0,-1.0,-0.448366606170599,0.0,-0.118786629042761,4437,0.35056275,0.3505627512931824,0.6494372487068176,0.618786629042761
2026-04-26,MTL,TBL,-101,-120,2,3,0,20252026,Tampa Bay Lightning highest moneyline 2025-26,statmuse,0.5024875621890548,0.5454545454545454,0.47949935261113513,1.99009900990099,1.8333333333333335,362.0,0.4447513812154696,0.6,3.0027624309392267,3.3729281767955803,-0.3701657458563536,3.0,2.6,2.0,372.0,0.5564516129032258,0.4,3.443548387096774,3.010752688172043,0.4327956989247312,2.8,3.2,2.0,0,0.19999999999999996,-0.8029614447810848,0.0,-0.020500647388864868,4437,0.42070943,0.42070943117141724,0.5792905688285828,0.5205006473888649
2026-04-27,PIT,PHI,-130,110,3,2,1,20252026,Pittsburgh Penguins lowest moneyline 2025-26,statmuse,0.5652173913043478,0.47619047619047616,0.5427435387673957,1.7692307692307692,2.1,359.0,0.47075208913649025,0.2,3.1894150417827296,3.2423398328690807,-0.052924791086350974,2.6,4.0,2.0,358.0,0.4441340782122905,0.8,2.8491620111731844,3.2206703910614527,-0.3715083798882682,3.4,2.0,2.0,1,-0.6000000000000001,0.31858358880191723,0.0,0.04274353876739567,4440,0.47601637,0.4760163724422455,0.5239836275577545,0.4572564612326043
2026-04-27,UTA,VGK,138,-157,4,5,0,20252026,Utah Mammoth highest moneyline 2025-26,statmuse,0.42016806722689076,0.6108949416342413,0.407509593124663,2.38,1.6369426751592355,181.0,0.4972375690607735,0.6,3.0773480662983426,3.005524861878453,0.0718232044198895,3.4,3.2,3.0,398.0,0.5603015075376885,0.6,3.2688442211055277,2.85929648241206,0.40954773869346733,3.6,2.4,3.0,0,0.0,-0.33772453427357785,0.0,-0.092490406875337,4440,0.47723523,0.47723522782325745,0.5227647721767426,0.5924904068753369
2026-04-28,BUF,BOS,-170,142,1,2,0,20252026,Boston Bruins highest moneyline 2025-26,statmuse,0.6296296296296297,0.4132231404958678,0.6037569709421778,1.5882352941176472,2.42,358.0,0.5195530726256983,0.6,3.357541899441341,3.2486033519553073,0.10893854748603352,3.6,2.6,2.0,377.0,0.5596816976127321,0.4,3.180371352785146,2.819628647214854,0.36074270557029176,2.6,3.0,2.0,1,0.19999999999999996,-0.25180415808425827,0.0,0.10375697094217784,4442,0.5010796,0.5010796189308167,0.49892038106918335,0.39624302905782216
2026-04-28,DAL,MIN,-105,-106,2,4,0,20252026,Dallas Stars highest moneyline 2025-26,statmuse,0.5121951219512195,0.5145631067961165,0.4988468634686347,1.9523809523809523,1.9433962264150944,414.0,0.5942028985507246,0.6,3.3405797101449277,2.785024154589372,0.5555555555555556,3.0,3.4,3.0,369.0,0.5420054200542005,0.6,3.073170731707317,2.9295392953929538,0.14363143631436315,3.4,2.6,3.0,0,0.0,0.41192411924119243,0.0,-0.0011531365313652842,4442,0.39993456,0.3999345600605011,0.6000654399394989,0.5011531365313653
2026-04-28,EDM,ANA,-159,133,4,1,1,20252026,Anaheim Ducks highest moneyline 2025-26,statmuse,0.6138996138996139,0.4291845493562232,0.5885427423070201,1.6289308176100628,2.33,423.0,0.5697399527186762,0.4,3.482269503546099,3.061465721040189,0.42080378250591016,4.2,4.2,2.0,360.0,0.40555555555555556,0.8,2.813888888888889,3.5694444444444446,-0.7555555555555555,5.0,3.8,2.0,1,-0.4,1.1763593380614656,0.0,0.08854274230702008,4442,0.5134224,0.513422429561615,0.486577570438385,0.4114572576929799
2026-04-29,PHI,PIT,-122,100,1,0,1,20252026,Philadelphia Flyers lowest moneyline 2025-26,statmuse,0.5495495495495496,0.5,0.5236051502145922,1.819672131147541,2.0,359.0,0.4428969359331476,0.6,2.8467966573816157,3.2200557103064065,-0.3732590529247911,3.0,2.2,2.0,360.0,0.4722222222222222,0.4,3.188888888888889,3.238888888888889,-0.05,2.2,3.0,2.0,1,0.19999999999999996,-0.3232590529247911,0.0,0.023605150214592197,4445,0.49125302,0.4912530183792114,0.5087469816207886,0.4763948497854078
2026-04-29,TBL,MTL,-132,120,2,3,0,20252026,Montreal Canadiens highest moneyline 2025-26,statmuse,0.5689655172413793,0.45454545454545453,0.555895865237366,1.7575757575757576,2.2,373.0,0.5576407506702413,0.4,3.442359249329759,3.008042895442359,0.4343163538873995,2.6,3.0,3.0,363.0,0.44352617079889806,0.4,3.0,3.371900826446281,-0.371900826446281,2.6,3.0,3.0,1,0.0,0.8062171803336804,0.0,0.055895865237366005,4445,0.50218654,0.5021865367889404,0.49781346321105957,0.444104134762634
2026-04-29,VGK,UTA,-164,138,5,4,1,20252026,Utah Mammoth highest moneyline 2025-26,statmuse,0.6212121212121212,0.42016806722689076,0.5965276928719893,1.6097560975609757,2.38,399.0,0.5614035087719298,0.6,3.273182957393484,2.862155388471178,0.41102756892230574,3.4,2.8,2.0,182.0,0.4945054945054945,0.4,3.0824175824175826,3.0164835164835164,0.06593406593406594,3.2,3.6,2.0,1,0.19999999999999996,0.3450935029882398,0.0,0.09652769287198926,4445,0.5035937,0.5035936832427979,0.49640631675720215,0.40347230712801074
2026-04-30,MIN,DAL,-128,107,5,2,1,20252026,Dallas Stars highest moneyline 2025-26,statmuse,0.5614035087719298,0.4830917874396135,0.5374878286270691,1.78125,2.0700000000000003,370.0,0.5432432432432432,0.6,3.075675675675676,2.927027027027027,0.14864864864864866,3.6,2.6,2.0,415.0,0.5927710843373494,0.4,3.3373493975903616,2.787951807228916,0.5493975903614458,2.6,3.6,2.0,1,0.19999999999999996,-0.40074894171279707,0.0,0.03748782862706912,4448,0.47074828,0.47074827551841736,0.5292517244815826,0.4625121713729309
2026-05-01,MTL,TBL,-102,-118,0,1,0,20252026,Tampa Bay Lightning highest moneyline 2025-26,statmuse,0.504950495049505,0.5412844036697247,0.4826358742837298,1.9803921568627452,1.847457627118644,364.0,0.44505494505494503,0.6,3.0,3.368131868131868,-0.36813186813186816,2.8,2.6,2.0,374.0,0.5561497326203209,0.4,3.4385026737967914,3.0080213903743314,0.4304812834224599,2.6,2.8,2.0,0,0.19999999999999996,-0.798613151554328,0.0,-0.017364125716270218,4449,0.4104528,0.41045281291007996,0.58954718708992,0.5173641257162702
2026-05-01,UTA,VGK,-101,-118,1,5,0,20252026,Utah Mammoth highest moneyline 2025-26,statmuse,0.5024875621890548,0.5412844036697247,0.4814150778380269,1.99009900990099,1.847457627118644,183.0,0.4918032786885246,0.4,3.087431693989071,3.0273224043715845,0.060109289617486336,3.4,3.6,2.0,400.0,0.5625,0.6,3.2775,2.865,0.4125,3.6,3.4,2.0,0,-0.19999999999999996,-0.35239071038251363,0.0,-0.018584922161973105,4449,0.41731635,0.41731634736061096,0.582683652639389,0.5185849221619732
2026-05-02,CAR,PHI,-255,207,3,0,1,20252026,Carolina Hurricanes lowest moneyline 2025-26,statmuse,0.7183098591549296,0.3257328990228013,0.6880080854242651,1.392156862745098,3.07,396.0,0.6136363636363636,1.0,3.3535353535353534,2.734848484848485,0.6186868686868687,2.6,1.2,7.0,360.0,0.4444444444444444,0.6,2.841666666666667,3.2111111111111112,-0.36944444444444446,2.6,1.8,3.0,1,0.4,0.9881313131313132,4.0,0.18800808542426506,4451,0.5145941,0.5145940780639648,0.48540592193603516,0.31199191457573494
2026-05-03,COL,MIN,-204,168,9,6,1,20252026,Minnesota Wild highest moneyline 2025-26,statmuse,0.6710526315789473,0.373134328358209,0.6426556328756818,1.4901960784313726,2.6799999999999997,381.0,0.6062992125984252,1.0,3.4698162729658795,2.8057742782152233,0.6640419947506562,3.0,1.0,7.0,371.0,0.5444743935309974,0.6,3.0808625336927222,2.9245283018867925,0.15633423180592992,3.4,2.8,3.0,1,0.4,0.5077077629447262,4.0,0.14265563287568184,4452,0.5549618,0.5549618005752563,0.44503819942474365,0.35734436712431816
2026-05-03,TBL,MTL,-164,136,1,2,0,20252026,Montreal Canadiens highest moneyline 2025-26,statmuse,0.6212121212121212,0.423728813559322,0.5944949619071024,1.6097560975609757,2.3600000000000003,375.0,0.5573333333333333,0.6,3.432,3.0,0.432,2.2,2.0,2.0,365.0,0.4438356164383562,0.4,2.9917808219178084,3.361643835616438,-0.3698630136986301,2.0,2.2,2.0,1,0.19999999999999996,0.8018630136986301,0.0,0.09449496190710238,4452,0.5310167,0.5310167074203491,0.4689832925796509,0.4055050380928976
2026-05-04,CAR,PHI,-277,225,3,2,1,20252026,Carolina Hurricanes lowest moneyline 2025-26,statmuse,0.7347480106100795,0.3076923076923077,0.7048346055979644,1.3610108303249098,3.25,397.0,0.6146095717884131,1.0,3.3526448362720402,2.7279596977329974,0.6246851385390428,2.8,1.0,2.0,361.0,0.44321329639889195,0.4,2.8337950138504153,3.210526315789474,-0.3767313019390582,2.0,2.4,2.0,1,0.6,1.001416440478101,0.0,0.2048346055979644,4454,0.4927712,0.4927712082862854,0.5072287917137146,0.2951653944020356
2026-05-04,VGK,ANA,-173,145,3,1,1,20252026,Anaheim Ducks highest moneyline 2025-26,statmuse,0.6336996336996337,0.40816326530612246,0.6082370668006027,1.5780346820809248,2.45,401.0,0.5635910224438903,0.6,3.281795511221945,2.8603491271820447,0.42144638403990026,3.8,3.2,3.0,362.0,0.40607734806629836,0.8,2.814917127071823,3.5662983425414363,-0.7513812154696132,4.6,3.4,4.0,1,-0.20000000000000007,1.1728275995095134,-1.0,0.10823706680060274,4454,0.5086607,0.5086606740951538,0.4913393259048462,0.39176293319939726
2026-05-05,COL,MIN,-201,167,5,2,1,20252026,Minnesota Wild highest moneyline 2025-26,statmuse,0.6677740863787376,0.37453183520599254,0.6406699535616651,1.4975124378109452,2.67,382.0,0.6073298429319371,1.0,3.4842931937172774,2.8141361256544504,0.6701570680628273,4.4,2.2,2.0,372.0,0.543010752688172,0.6,3.088709677419355,2.9408602150537635,0.1478494623655914,4.2,3.8,2.0,1,0.4,0.5223076056972359,0.0,0.14066995356166512,4456,0.5235191,0.5235190987586975,0.4764809012413025,0.3593300464383349
2026-05-06,BUF,MTL,-140,118,4,2,1,20252026,Buffalo Sabres lowest moneyline 2025-26,statmuse,0.5833333333333334,0.45871559633027525,0.5597945707997065,1.7142857142857144,2.1799999999999997,360.0,0.5194444444444445,0.6,3.352777777777778,3.238888888888889,0.11388888888888889,3.2,1.8,5.0,366.0,0.4453551912568306,0.6,2.989071038251366,3.3551912568306013,-0.366120218579235,2.0,1.8,3.0,1,0.0,0.48000910746812386,2.0,0.059794570799706515,4457,0.5049075,0.504907488822937,0.495092511177063,0.4402054292002935
2026-05-06,VGK,ANA,-156,130,1,3,0,20252026,Anaheim Ducks highest moneyline 2025-26,statmuse,0.609375,0.43478260869565216,0.5836044242029929,1.641025641025641,2.3,402.0,0.5646766169154229,0.8,3.281094527363184,2.855721393034826,0.4253731343283582,4.0,2.8,2.0,363.0,0.4049586776859504,0.6,2.809917355371901,3.564738292011019,-0.7548209366391184,3.6,3.2,2.0,1,0.20000000000000007,1.1801940709674765,0.0,0.08360442420299286,4457,0.5165571,0.5165570974349976,0.48344290256500244,0.41639557579700714
2026-05-07,PHI,CAR,141,-168,1,4,0,20252026,Philadelphia Flyers highest moneyline 2025-26,statmuse,0.4149377593360996,0.6268656716417911,0.39828795624777075,2.41,1.5952380952380953,362.0,0.4419889502762431,0.2,2.8314917127071824,3.2099447513812156,-0.3784530386740331,1.4,2.6,3.0,398.0,0.6155778894472361,1.0,3.351758793969849,2.7261306532663316,0.6256281407035176,3.0,1.4,3.0,0,-0.8,-1.0040811793775508,0.0,-0.10171204375222925,4459,0.4707692,0.4707691967487335,0.5292308032512665,0.6017120437522292
2026-05-09,MIN,COL,109,-132,5,1,1,20252026,Colorado Avalanche highest moneyline 2025-26,statmuse,0.4784688995215311,0.5689655172413793,0.4568008190911239,2.09,1.7575757575757576,373.0,0.5415549597855228,0.6,3.0857908847184987,2.9463806970509383,0.13941018766756033,4.0,4.0,4.0,383.0,0.608355091383812,1.0,3.4882506527415145,2.8120104438642297,0.6762402088772846,5.0,2.4,4.0,0,-0.4,-0.5368300212097243,0.0,-0.04319918090887609,4460,0.54248667,0.5424866676330566,0.45751333236694336,0.5431991809088761
2026-05-09,PHI,CAR,166,-203,2,3,0,20252026,Philadelphia Flyers highest moneyline 2025-26,statmuse,0.37593984962406013,0.66996699669967,0.3594391326010106,2.66,1.4926108374384237,363.0,0.44077134986225897,0.2,2.8264462809917354,3.212121212121212,-0.3856749311294766,1.2,2.6,2.0,399.0,0.6165413533834586,1.0,3.3533834586466167,2.7218045112781954,0.631578947368421,3.2,1.2,2.0,0,-0.8,-1.0172538784978977,0.0,-0.14056086739898938,4460,0.3340516,0.33405160903930664,0.6659483909606934,0.6405608673989893
2026-05-10,ANA,VGK,-120,100,4,3,1,20252026,Vegas Golden Knights highest moneyline 2025-26,statmuse,0.5454545454545454,0.5,0.5217391304347826,1.8333333333333335,2.0,365.0,0.4054794520547945,0.4,2.808219178082192,3.5643835616438357,-0.7561643835616438,2.4,3.2,2.0,404.0,0.5643564356435643,0.8,3.282178217821782,2.853960396039604,0.4282178217821782,4.0,2.2,2.0,1,-0.4,-1.184382205343822,0.0,0.021739130434782594,4462,0.46226928,0.46226927638053894,0.5377307236194611,0.4782608695652174
2026-05-11,MIN,COL,128,-153,2,5,0,20252026,Colorado Avalanche highest moneyline 2025-26,statmuse,0.43859649122807015,0.6047430830039525,0.42037750897248444,2.2800000000000002,1.65359477124183,374.0,0.5427807486631016,0.6,3.090909090909091,2.9411764705882355,0.1497326203208556,4.4,3.8,2.0,384.0,0.6067708333333334,0.8,3.4817708333333335,2.8177083333333335,0.6640625,4.8,3.2,2.0,0,-0.20000000000000007,-0.5143298796791445,0.0,-0.07962249102751556,4463,0.37673956,0.3767395615577698,0.6232604384422302,0.5796224910275156
2026-05-12,MTL,BUF,-150,125,2,3,0,20252026,Buffalo Sabres highest moneyline 2025-26,statmuse,0.6,0.4444444444444444,0.574468085106383,1.6666666666666665,2.25,369.0,0.44715447154471544,0.6,3.0,3.3468834688346885,-0.34688346883468835,3.0,1.8,2.0,363.0,0.5179063360881543,0.4,3.3443526170798896,3.2479338842975207,0.09641873278236915,2.4,3.2,2.0,1,0.19999999999999996,-0.44330220161705747,0.0,0.07446808510638303,4464,0.49867246,0.4986724555492401,0.5013275444507599,0.42553191489361697
2026-05-12,VGK,ANA,-170,141,3,2,1,20252026,Anaheim Ducks highest moneyline 2025-26,statmuse,0.6296296296296297,0.4149377593360996,0.602765926143887,1.5882352941176472,2.41,405.0,0.562962962962963,0.6,3.2814814814814817,2.8567901234567903,0.4246913580246914,3.6,2.2,2.0,366.0,0.40710382513661203,0.6,2.8114754098360657,3.5628415300546448,-0.7513661202185792,3.0,3.0,2.0,1,0.0,1.1760574782432704,0.0,0.10276592614388702,4464,0.52041763,0.5204176306724548,0.47958236932754517,0.397234073856113
2026-05-13,COL,MIN,-227,187,4,3,1,20252026,Minnesota Wild highest moneyline 2025-26,statmuse,0.6941896024464832,0.34843205574912894,0.665811607681223,1.4405286343612334,2.87,385.0,0.6077922077922078,0.8,3.4857142857142858,2.8155844155844156,0.6701298701298701,5.0,3.2,2.0,375.0,0.5413333333333333,0.4,3.088,2.9466666666666668,0.14133333333333334,4.0,4.4,2.0,1,0.4,0.5287965367965368,0.0,0.16581160768122305,4466,0.7070741,0.7070741057395935,0.2929258942604065,0.33418839231877695
2026-05-14,ANA,VGK,-125,106,1,5,0,20252026,Vegas Golden Knights highest moneyline 2025-26,statmuse,0.5555555555555556,0.4854368932038835,0.533678756476684,1.8,2.06,367.0,0.40599455040871935,0.4,2.809264305177112,3.561307901907357,-0.7520435967302452,2.4,3.2,2.0,406.0,0.5640394088669951,0.6,3.2807881773399017,2.854679802955665,0.42610837438423643,3.2,2.4,2.0,1,-0.19999999999999996,-1.1781519711144817,0.0,0.033678756476683946,4467,0.46284753,0.4628475308418274,0.5371524691581726,0.46632124352331605
2026-05-16,MTL,BUF,-174,145,3,8,0,20252026,Buffalo Sabres highest moneyline 2025-26,statmuse,0.635036496350365,0.40816326530612246,0.6087391118092246,1.5747126436781609,2.45,371.0,0.4474393530997305,0.6,3.0053908355795147,3.3450134770889486,-0.33962264150943394,4.2,2.6,2.0,365.0,0.5178082191780822,0.4,3.3424657534246576,3.252054794520548,0.09041095890410959,2.6,4.2,2.0,1,0.19999999999999996,-0.43003360041354355,0.0,0.10873911180922458,4468,0.5988062,0.5988062024116516,0.4011937975883484,0.3912608881907754
2026-05-20,COL,VGK,-172,142,2,4,0,20252026,Vegas Golden Knights highest moneyline 2025-26,statmuse,0.6323529411764706,0.4132231404958678,0.6047890270835755,1.5813953488372094,2.42,386.0,0.6088082901554405,0.8,3.4870466321243523,2.816062176165803,0.6709844559585493,4.8,3.6,7.0,407.0,0.5651105651105651,0.6,3.285012285012285,2.85012285012285,0.4348894348894349,3.6,2.4,6.0,1,0.20000000000000007,0.2360950210691144,1.0,0.10478902708357551,4469,0.50600386,0.5060038566589355,0.49399614334106445,0.3952109729164245
2026-05-21,CAR,MTL,-214,173,2,6,0,20252026,Carolina Hurricanes lowest moneyline 2025-26,statmuse,0.6815286624203821,0.3663003663003663,0.6504197189997997,1.4672897196261683,2.73,400.0,0.6175,1.0,3.3525,2.72,0.6325,3.4,1.4,12.0,373.0,0.4477211796246649,0.6,3.005361930294906,3.3538873994638068,-0.3485254691689008,4.0,3.6,3.0,1,0.4,0.9810254691689008,9.0,0.15041971899979967,4470,0.54989743,0.5498974323272705,0.4501025676727295,0.34958028100020033
2026-05-22,COL,VGK,-189,158,1,3,0,20252026,Vegas Golden Knights highest moneyline 2025-26,statmuse,0.6539792387543253,0.3875968992248062,0.6278746362442379,1.529100529100529,2.58,387.0,0.6072351421188631,0.6,3.483204134366925,2.8191214470284236,0.6640826873385013,3.4,3.2,2.0,408.0,0.5661764705882353,0.8,3.286764705882353,2.8480392156862746,0.4387254901960784,4.2,2.2,2.0,1,-0.20000000000000007,0.22535719714242286,0.0,0.1278746362442379,4471,0.5029738,0.5029737949371338,0.4970262050628662,0.3721253637557621
2026-05-23,CAR,MTL,-210,174,3,2,1,20252026,Carolina Hurricanes lowest moneyline 2025-26,statmuse,0.6774193548387096,0.36496350364963503,0.6498757623672915,1.4761904761904763,2.74,401.0,0.6159600997506235,0.8,3.349127182044888,2.7281795511221945,0.6209476309226932,3.0,2.2,2.0,374.0,0.44919786096256686,0.6,3.013368983957219,3.3502673796791442,-0.33689839572192515,4.0,3.6,2.0,1,0.20000000000000007,0.9578460266446184,0.0,0.1498757623672915,4472,0.54241997,0.542419970035553,0.457580029964447,0.3501242376327085
2026-05-24,VGK,COL,128,-155,5,3,1,20252026,Vegas Golden Knights highest moneyline 2025-26,statmuse,0.43859649122807015,0.6078431372549019,0.4191321499013807,2.2800000000000002,1.6451612903225805,409.0,0.5672371638141809,0.8,3.2860635696821516,2.843520782396088,0.44254278728606355,3.6,2.0,2.0,388.0,0.6056701030927835,0.4,3.4768041237113403,2.8195876288659796,0.6572164948453608,2.6,3.4,2.0,0,0.4,-0.21467370755929727,0.0,-0.0808678500986193,4473,0.4002381,0.4002380967140198,0.5997619032859802,0.5808678500986193
2026-05-25,MTL,CAR,128,-156,2,3,0,20252026,Montreal Canadiens highest moneyline 2025-26,statmuse,0.43859649122807015,0.609375,0.418519487313628,2.2800000000000002,1.641025641025641,375.0,0.448,0.6,3.010666666666667,3.3493333333333335,-0.33866666666666667,4.0,3.6,2.0,402.0,0.6169154228855721,0.8,3.3482587064676617,2.72636815920398,0.6218905472636815,3.0,2.6,2.0,0,-0.20000000000000007,-0.9605572139303482,0.0,-0.08148051268637202,4474,0.3616899,0.36168989539146423,0.6383101046085358,0.581480512686372
2026-05-26,VGK,COL,-109,-112,2,1,1,20252026,Colorado Avalanche highest moneyline 2025-26,statmuse,0.5215311004784688,0.5283018867924528,0.49677530312150653,1.9174311926605505,1.8928571428571428,410.0,0.5682926829268292,1.0,3.290243902439024,2.84390243902439,0.44634146341463415,4.0,1.8,2.0,389.0,0.6041131105398457,0.4,3.475578406169666,2.8251928020565553,0.6503856041131105,3.0,3.4,2.0,0,0.6,-0.20404414069847637,0.0,-0.0032246968784934715,4475,0.4734663,0.47346630692481995,0.52653369307518,0.5032246968784935
2026-05-27,MTL,CAR,127,-152,0,4,0,20252026,Montreal Canadiens highest moneyline 2025-26,statmuse,0.44052863436123346,0.6031746031746031,0.4220822725445531,2.27,1.6578947368421053,376.0,0.44680851063829785,0.4,3.007978723404255,3.348404255319149,-0.3404255319148936,3.2,3.6,2.0,403.0,0.6178660049627791,0.8,3.347394540942928,2.7245657568238215,0.6228287841191067,3.0,2.6,2.0,0,-0.4,-0.9632543160340004,0.0,-0.0779177274554469,4476,0.34757653,0.3475765287876129,0.6524234712123871,0.5779177274554469
2026-05-29,CAR,MTL,-261,209,6,1,1,20252026,Carolina Hurricanes lowest moneyline 2025-26,statmuse,0.7229916897506925,0.32362459546925565,0.6907896427378394,1.3831417624521074,3.09,404.0,0.6188118811881188,0.8,3.349009900990099,2.717821782178218,0.6311881188118812,3.0,2.4,2.0,377.0,0.44562334217506633,0.4,3.0,3.350132625994695,-0.35013262599469497,2.6,2.8,2.0,1,0.4,0.9813207448065762,0.0,0.19078964273783938,4477,0.69728523,0.6972852349281311,0.3027147650718689,0.3092103572621606
