team_id,team,team_abbrev,athlete_id,player,position,jersey,age,height_inches,weight_lbs,experience_years,status,headshot,injury_status,available_flag,last3_games_logged,last3_starts,last3_avg_minutes,last3_avg_points,last3_avg_rebounds,last3_avg_assists,last3_avg_turnovers,last3_avg_steals,last3_avg_blocks,last3_avg_plus_minus,last3_avg_usage_proxy,last3_avg_points_per36,last3_avg_rebounds_per36,last3_avg_assists_per36,last5_games_logged,last5_starts,last5_avg_minutes,last5_avg_points,last5_avg_rebounds,last5_avg_assists,last5_avg_turnovers,last5_avg_steals,last5_avg_blocks,last5_avg_plus_minus,last5_avg_usage_proxy,last5_avg_points_per36,last5_avg_rebounds_per36,last5_avg_assists_per36,last10_games_logged,last10_starts,last10_avg_minutes,last10_avg_points,last10_avg_rebounds,last10_avg_assists,last10_avg_turnovers,last10_avg_steals,last10_avg_blocks,last10_avg_plus_minus,last10_avg_usage_proxy,last10_avg_points_per36,last10_avg_rebounds_per36,last10_avg_assists_per36,season_games_logged,season_starts,season_avg_minutes,season_avg_points,season_avg_rebounds,season_avg_assists,season_avg_turnovers,season_avg_steals,season_avg_blocks,season_avg_plus_minus,season_avg_usage_proxy,season_avg_points_per36,season_avg_rebounds_per36,season_avg_assists_per36
24,San Antonio Spurs,SA,6578,Harrison Barnes,Forward,40,34,79.0,225.0,13,Active,https://a.espncdn.com/i/headshots/nba/players/full/6578.png,,1,3,0,6.666666666666667,2.0,0.3333333333333333,0.0,0.3333333333333333,0.0,0.0,5.0,2.0,5.538461538461539,0.923076923076923,0.0,5,0,7.8,2.2,0.8,0.0,0.4,0.2,0.0,6.666666666666667,2.928,5.573076923076924,1.903846153846154,0.0,10,0,7.7,2.1,1.3,0.3,0.4,0.1,0.0,5.4,2.552,6.629395604395604,5.209065934065934,1.9285714285714284,96,53,22.666666666666668,8.5625,2.5,1.6041666666666667,0.6875,0.5520833333333334,0.14583333333333334,9.421875,7.807083333333334,12.266080786327862,4.008987909806073,2.4347915590527314
24,San Antonio Spurs,SA,6427,Bismack Biyombo,Center,18,33,80.0,255.0,14,Active,https://a.espncdn.com/i/headshots/nba/players/full/6427.png,,1,3,0,3.5,0.0,0.5,0.0,0.5,0.0,0.0,1.0,0.6666666666666666,0.0,9.0,0.0,5,0,3.0,0.0,0.3333333333333333,0.0,0.3333333333333333,0.0,0.0,0.6666666666666666,0.4,0.0,6.0,0.0,10,0,3.6,0.8,0.4,0.0,0.4,0.0,0.4,1.5,0.7,9.257142857142856,7.2,0.0,101,1,4.970588235294118,0.8529411764705882,0.8529411764705882,0.14705882352941177,0.29411764705882354,0.11764705882352941,0.11764705882352941,1.5625,0.3473267326732673,6.412605042016807,7.526890756302521,0.5521008403361345
24,San Antonio Spurs,SA,5061568,Carter Bryant,Forward,11,20,78.0,220.0,0,Active,https://a.espncdn.com/i/headshots/nba/players/full/5061568.png,,1,3,0,5.333333333333333,3.6666666666666665,2.0,0.0,0.3333333333333333,0.0,0.0,2.0,3.3333333333333335,27.8,12.4,0.0,5,0,6.6,2.8,1.6,0.4,0.6,0.2,0.2,2.0,3.2,18.84,9.188571428571429,1.7485714285714287,10,0,9.4,2.5,2.2,0.6,0.9,0.2,0.2,7.8,3.088,12.522197802197804,8.630109890109889,2.008351648351648,100,0,11.147727272727273,3.9431818181818183,2.4204545454545454,0.7045454545454546,0.5113636363636364,0.20454545454545456,0.3181818181818182,5.958333333333333,3.6924,12.311883414965257,8.22957315373149,2.2973076371431405
24,San Antonio Spurs,SA,4845367,Stephon Castle,Guard,5,21,78.0,215.0,1,Active,https://a.espncdn.com/i/headshots/nba/players/full/4845367.png,,1,3,3,33.666666666666664,19.0,5.333333333333333,7.0,3.3333333333333335,1.6666666666666667,0.0,7.0,18.12,20.435606060606062,5.6931818181818175,7.5568181818181825,5,5,33.2,16.8,4.8,6.8,2.4,1.4,0.6,13.0,16.48,18.261363636363637,5.164480519480519,7.414090909090909,10,10,34.7,19.5,5.6,6.9,3.9,1.2,0.5,13.166666666666666,19.452,20.800695075262745,5.933857913914305,7.182292645882872,87,86,30.74712643678161,17.160919540229884,5.264367816091954,7.287356321839081,3.2758620689655173,1.103448275862069,0.3103448275862069,13.892857142857142,18.063908045977012,20.31072640762851,6.1288585630194845,8.71505317925315
24,San Antonio Spurs,SA,4592479,Julian Champagnie,Forward,30,24,79.0,217.0,3,Active,https://a.espncdn.com/i/headshots/nba/players/full/4592479.png,,1,3,3,31.0,17.333333333333332,6.666666666666667,1.3333333333333333,1.3333333333333333,1.6666666666666667,0.6666666666666666,20.0,13.546666666666667,19.91578947368421,7.974736842105263,1.6757894736842107,5,5,31.4,12.8,5.8,1.6,0.8,1.2,0.8,13.333333333333334,11.528,14.503168265491315,6.806516982110449,1.9134539797770287,10,10,32.2,11.7,5.7,1.6,0.5,1.4,0.6,15.571428571428571,11.091999999999999,13.39699527332921,6.428481543864484,1.875468248629773,101,86,28.11881188118812,11.05940594059406,5.732673267326732,1.5346534653465347,0.7722772277227723,0.8613861386138614,0.48514851485148514,12.493333333333334,9.841188118811882,13.88515113699744,7.325015825627534,1.961788403156298
24,San Antonio Spurs,SA,4066259,De'Aaron Fox,Guard,4,28,75.0,185.0,8,Active,https://a.espncdn.com/i/headshots/nba/players/full/4066259.png,,1,3,3,31.666666666666668,9.666666666666666,3.0,6.666666666666667,1.0,2.0,0.0,10.0,13.88,10.58041958041958,3.762237762237762,7.806526806526807,5,5,31.4,11.2,5.2,6.2,1.4,1.6,0.2,9.666666666666666,14.616,12.61921949018723,6.205729754116851,7.238754793593503,10,10,31.3,15.2,4.1,5.5,1.3,1.4,0.3,17.166666666666668,16.708,17.66458327712597,4.824154906583749,6.581889844603317,89,89,31.314606741573034,18.146067415730336,3.7752808988764044,6.168539325842697,2.2247191011235956,1.2359550561797752,0.2696629213483146,14.421052631578947,18.24449438202247,20.811621245343442,4.386042694861539,7.259054369832904
24,San Antonio Spurs,SA,5037871,Dylan Harper,Guard,2,20,77.0,215.0,0,Active,https://a.espncdn.com/i/headshots/nba/players/full/5037871.png,,1,3,0,24.666666666666668,11.666666666666666,6.333333333333333,3.3333333333333335,2.0,0.0,0.0,14.0,10.213333333333333,17.55151515151515,9.263838383838385,4.955151515151516,5,0,22.4,9.6,5.4,2.8,2.0,0.0,0.0,17.666666666666668,9.831999999999999,15.472085561497327,8.543176979882862,4.505864018334607,10,2,26.2,13.5,6.2,2.8,1.9,1.1,0.2,14.571428571428571,12.596,18.307263730012163,8.467782707071818,3.8427628875088202,88,6,23.261363636363637,12.147727272727273,3.8295454545454546,3.5568181818181817,1.4545454545454546,0.8409090909090909,0.3181818181818182,10.932203389830509,11.80409090909091,18.485221348258232,5.837312312772195,5.426808407406287
24,San Antonio Spurs,SA,4433618,Harrison Ingram,Forward,55,23,77.0,230.0,1,Active,https://a.espncdn.com/i/headshots/nba/players/full/4433618.png,,1,3,0,6.0,0.0,0.0,0.0,0.0,0.0,0.0,,0.0,0.0,0.0,0.0,5,0,4.5,1.0,0.0,0.0,0.5,0.0,0.0,0.0,0.4,12.0,0.0,0.0,10,0,3.75,1.5,0.0,0.25,0.25,0.0,0.0,0.0,0.4,19.5,0.0,2.25,22,0,3.7142857142857144,1.5714285714285714,0.42857142857142855,0.14285714285714285,0.14285714285714285,0.0,0.0,3.25,0.3181818181818182,17.057142857142857,3.3428571428571425,1.2857142857142858
24,San Antonio Spurs,SA,4395723,Keldon Johnson,Forward,3,26,77.0,220.0,6,Active,https://a.espncdn.com/i/headshots/nba/players/full/4395723.png,,1,3,0,18.0,11.666666666666666,3.3333333333333335,1.0,1.0,0.6666666666666666,0.0,5.333333333333333,10.626666666666667,23.25,6.6499999999999995,1.95,5,0,16.8,9.2,3.0,0.6,1.2,0.6,0.0,5.75,10.728000000000002,19.35,6.39,1.17,10,0,18.1,9.4,2.5,0.7,1.3,0.6,0.1,7.166666666666667,10.26,17.47031057178116,4.849874537227478,1.6552262443438912,101,0,22.405940594059405,12.277227722772277,5.0,1.2673267326732673,0.900990099009901,0.5742574257425742,0.13861386138613863,9.698412698412698,11.195643564356438,19.16381446098475,8.06786923602567,2.0510898187469127
24,San Antonio Spurs,SA,4713010,David Jones Garcia,Forward,25,24,76.0,210.0,0,Active,https://a.espncdn.com/i/headshots/nba/players/full/4713010.png,Out,0,3,0,5.5,4.5,0.5,2.0,0.0,0.5,0.0,0.0,1.8133333333333335,16.2,18.0,7.2,5,0,4.5,2.25,0.5,1.25,0.5,0.5,0.0,1.5,1.6880000000000002,8.1,10.8,5.4,10,0,7.428571428571429,3.0,1.2857142857142858,1.7142857142857142,0.7142857142857143,0.8571428571428571,0.14285714285714285,7.75,2.332,7.876691729323308,8.31602082128398,5.105378831694622,21,0,6.363636363636363,2.909090909090909,1.1818181818181819,1.6363636363636365,0.45454545454545453,0.5454545454545454,0.09090909090909091,6.375,1.554285714285714,14.620232399179768,7.886818444713182,7.1293969188706035
24,San Antonio Spurs,SA,3064560,Luke Kornet,Center,7,30,85.0,250.0,8,Active,https://a.espncdn.com/i/headshots/nba/players/full/3064560.png,,1,3,0,9.0,1.6666666666666667,3.3333333333333335,0.3333333333333333,0.3333333333333333,0.0,0.3333333333333333,7.0,2.92,6.769230769230769,14.115384615384615,0.923076923076923,5,0,10.6,3.0,3.8,0.4,0.6,0.0,0.6,7.0,3.5519999999999996,9.6,13.453846153846154,1.1076923076923078,10,0,12.4,3.2,3.9,0.5,0.6,0.4,1.0,5.5,3.3519999999999994,8.621178821178821,11.37047952047952,1.3494505494505495,87,27,19.586206896551722,6.195402298850575,5.735632183908046,1.6206896551724137,0.4482758620689655,0.4827586206896552,0.9310344827586207,8.16,4.989425287356322,10.962626030706872,10.771731388395464,2.9002665685537834
24,San Antonio Spurs,SA,3134916,Jordan McLaughlin,Guard,0,30,72.0,185.0,6,Active,https://a.espncdn.com/i/headshots/nba/players/full/3134916.png,,1,3,0,4.5,2.0,2.0,1.0,0.5,0.0,0.0,0.5,1.6266666666666667,36.0,10.285714285714286,5.142857142857143,5,0,3.75,1.75,1.5,0.75,0.25,0.0,0.0,0.3333333333333333,1.376,24.75,11.892857142857142,7.071428571428571,10,0,4.714285714285714,2.142857142857143,1.1428571428571428,1.0,0.2857142857142857,0.0,0.0,2.0,1.188,19.836734693877553,8.173469387755102,8.846938775510203,88,0,6.092592592592593,2.0,0.7407407407407407,0.8888888888888888,0.3148148148148148,0.4074074074074074,0.037037037037037035,3.5,1.2609090909090908,13.78676683939842,3.8102970129285922,5.531892668734774
24,San Antonio Spurs,SA,4432872,Emanuel Miller,Forward,14,25,77.0,215.0,1,Active,https://a.espncdn.com/i/headshots/nba/players/full/4432872.png,,1,0,0,,,,,,,,,,,,,0,0,,,,,,,,,,,,,0,0,,,,,,,,,,,,,0,0,,,,,,,,,,,,
24,San Antonio Spurs,SA,2489663,Kelly Olynyk,Forward,8,35,84.0,240.0,12,Active,https://a.espncdn.com/i/headshots/nba/players/full/2489663.png,,1,3,0,3.5,4.0,0.5,0.0,0.0,0.0,0.0,1.0,1.7333333333333334,39.6,3.6,0.0,5,0,3.25,3.5,0.5,0.0,0.5,0.75,0.0,0.75,2.2399999999999998,40.05,4.05,0.0,10,0,3.8333333333333335,3.3333333333333335,1.0,0.16666666666666666,0.5,0.5,0.0,1.4,1.72,37.949999999999996,5.7,0.75,94,0,7.94,3.0980392156862746,1.6274509803921569,1.0196078431372548,0.5490196078431373,0.37254901960784315,0.058823529411764705,3.9310344827586206,1.6893617021276595,14.786314001787687,6.5336535043903465,4.27345044429255
24,San Antonio Spurs,SA,2488653,Mason Plumlee,Center,45,36,84.0,254.0,12,Active,https://a.espncdn.com/i/headshots/nba/players/full/2488653.png,,1,3,0,3.5,0.0,1.0,0.0,0.0,0.0,0.0,1.0,0.0,0.0,12.6,0.0,5,0,3.0,0.6666666666666666,0.6666666666666666,0.3333333333333333,0.0,0.0,0.3333333333333333,0.6666666666666666,0.2,12.0,8.4,6.0,10,0,3.5,1.0,1.0,0.25,0.25,0.0,0.25,0.6666666666666666,0.4,12.6,9.9,4.5,38,1,5.583333333333333,0.75,1.4166666666666667,0.5,0.3333333333333333,0.3333333333333333,0.25,1.4285714285714286,0.25999999999999995,5.675,10.312500000000002,3.6625
24,San Antonio Spurs,SA,4395630,Devin Vassell,Guard,24,25,77.0,200.0,5,Active,https://a.espncdn.com/i/headshots/nba/players/full/4395630.png,,1,3,3,31.666666666666668,9.666666666666666,3.6666666666666665,3.0,0.6666666666666666,2.0,0.6666666666666666,9.0,11.773333333333333,11.538461538461538,3.976689976689977,3.347319347319347,5,5,32.8,12.4,4.8,2.8,0.6,2.2,0.6,15.0,12.032,13.75944055944056,5.095104895104895,3.0629370629370634,10,10,34.5,13.4,4.3,2.6,1.0,1.4,0.8,12.714285714285714,12.535999999999998,14.225517258798993,4.463286803495782,2.8529879047680913,87,84,31.24418604651163,13.69767441860465,4.209302325581396,2.5348837209302326,0.9186046511627907,0.9651162790697675,0.46511627906976744,12.870967741935484,12.898390804597707,15.828374490352065,4.890430392183673,2.96360313167404
24,San Antonio Spurs,SA,4066317,Lindy Waters III,Forward,43,28,77.0,210.0,4,Active,https://a.espncdn.com/i/headshots/nba/players/full/4066317.png,,1,3,0,6.0,2.0,0.0,1.0,0.0,1.0,0.0,1.0,0.6666666666666666,12.0,0.0,6.0,5,0,4.0,0.6666666666666666,0.0,0.6666666666666666,0.0,0.3333333333333333,0.0,0.6666666666666666,0.4,4.0,0.0,5.0,10,0,4.4,1.4,0.2,0.6,0.0,0.2,0.0,1.5,0.7,15.0,0.9,3.9,87,0,6.551020408163265,2.2448979591836733,0.7142857142857143,0.46938775510204084,0.16326530612244897,0.14285714285714285,0.02040816326530612,3.8518518518518516,1.2680459770114942,10.107594743583052,4.346815630217686,2.0010050078320867
24,San Antonio Spurs,SA,5104157,Victor Wembanyama,Forward,1,22,88.0,235.0,2,Active,https://a.espncdn.com/i/headshots/nba/players/full/5104157.png,,1,3,3,36.0,23.333333333333332,7.666666666666667,1.6666666666666667,2.0,1.6666666666666667,2.3333333333333335,10.0,22.373333333333335,24.601503759398497,8.18045112781955,1.7443609022556392,5,5,35.6,25.8,7.0,2.6,2.4,1.6,2.4,13.25,23.696,27.225418384671354,7.5047967312823,2.7617530177801823,10,10,33.6,24.1,10.3,3.0,2.9,1.0,2.5,14.875,22.3,25.346985212325983,11.024263180363109,3.297189668060393,82,72,29.817073170731707,24.536585365853657,11.28048780487805,3.0,2.4634146341463414,1.0121951219512195,3.158536585365854,14.985074626865671,22.053170731707315,29.95549378446029,13.743586593033623,3.6371282706568135
18,New York Knicks,NY,4277869,Jose Alvarado,Guard,5,28,72.0,179.0,4,Active,https://a.espncdn.com/i/headshots/nba/players/full/4277869.png,,1,3,0,7.333333333333333,2.0,0.3333333333333333,1.0,1.0,0.6666666666666666,0.3333333333333333,21.0,3.3333333333333335,10.799999999999999,1.5,3.9,5,0,7.8,3.4,1.0,0.8,0.8,0.6,0.2,17.0,4.0,15.634285714285715,4.088571428571429,3.06,10,0,8.2,4.3,0.9,0.9,0.6,0.6,0.2,9.5,3.8879999999999995,17.852857142857143,3.5585714285714287,3.7728571428571436,49,3,14.4,5.866666666666666,1.7555555555555555,2.933333333333333,0.8666666666666667,0.8666666666666667,0.15555555555555556,11.56,5.671020408163265,13.797011094032266,3.9967214347104485,6.753163914801385
18,New York Knicks,NY,3934719,OG Anunoby,Forward,8,28,79.0,240.0,8,Active,https://a.espncdn.com/i/headshots/nba/players/full/3934719.png,,1,3,3,30.0,17.333333333333332,6.0,3.6666666666666665,0.6666666666666666,1.0,1.0,15.666666666666666,12.76,20.934587813620073,7.32078853046595,4.451164874551971,5,5,32.2,17.8,5.6,3.0,0.6,1.6,0.8,14.8,14.288000000000002,19.983964134912902,6.424269620664307,3.483417525685078,10,10,33.0,20.4,6.7,2.1,0.6,1.6,1.1,19.555555555555557,14.568000000000001,22.568841784316167,7.309715247912591,2.418529869663646,81,80,33.4,17.275,5.5375,2.1375,1.625,1.5375,0.7625,13.610169491525424,14.980246913580245,18.627352970752625,6.1298303153565135,2.3250317338095363
18,New York Knicks,NY,3147657,Mikal Bridges,Guard,25,29,78.0,209.0,7,Active,https://a.espncdn.com/i/headshots/nba/players/full/3147657.png,,1,3,3,36.333333333333336,18.666666666666668,4.0,3.3333333333333335,1.3333333333333333,1.3333333333333333,0.6666666666666666,16.333333333333332,16.546666666666667,18.46923076923077,3.9461538461538463,3.5153846153846153,5,5,35.8,17.2,4.2,3.4,1.6,1.8,0.4,18.4,15.104000000000003,17.25296703296703,4.253406593406593,3.823516483516484,10,10,33.5,17.5,3.7,2.9,0.9,1.4,0.4,18.4,13.460000000000003,18.96958451221609,3.958946065788171,3.3985292232660655,97,97,32.70103092783505,14.391752577319588,3.711340206185567,3.5463917525773194,1.0103092783505154,1.268041237113402,0.6804123711340206,12.317460317460318,13.096494845360823,15.758692192243922,4.085048616001739,3.9571512914491613
18,New York Knicks,NY,3934672,Jalen Brunson,Guard,11,29,74.0,190.0,7,Active,https://a.espncdn.com/i/headshots/nba/players/full/3934672.png,,1,3,3,37.333333333333336,21.333333333333332,2.6666666666666665,8.333333333333334,2.3333333333333335,0.3333333333333333,0.0,16.333333333333332,21.30666666666667,20.286939417781273,2.5522423288749017,7.891581431943351,5,5,37.2,24.8,3.4,7.4,2.0,0.8,0.0,19.0,23.464,23.777132594768144,3.3425255215485437,7.216936436805763,10,10,36.0,27.4,2.9,7.1,1.8,0.9,0.0,20.6,23.759999999999998,27.48409844417309,2.905728172247827,7.152276753550131,89,89,35.30337078651685,26.15730337078652,3.258426966292135,6.775280898876405,2.3707865168539324,0.7865168539325843,0.10112359550561797,14.0,24.92449438202247,26.652554966943672,3.2740289490086147,6.801470037835119
18,New York Knicks,NY,2528426,Jordan Clarkson,Guard,00,33,77.0,194.0,11,Active,https://a.espncdn.com/i/headshots/nba/players/full/2528426.png,,1,3,0,6.333333333333333,2.3333333333333335,0.3333333333333333,0.0,0.6666666666666666,0.0,0.0,4.0,3.3333333333333335,10.857142857142856,1.3333333333333333,0.0,5,0,8.6,3.4,0.8,0.6,0.6,0.0,0.2,4.666666666666667,3.752,14.164285714285715,2.6,2.7,10,0,10.5,4.5,1.6,0.8,1.1,0.3,0.1,10.285714285714286,5.072,15.72002997002997,5.448901098901099,2.733041958041958,97,1,16.93103448275862,8.183908045977011,1.7701149425287357,1.2183908045977012,0.8620689655172413,0.39080459770114945,0.12643678160919541,8.12962962962963,7.491958762886598,16.559808779317354,4.017303211262397,2.5886145442813135
18,New York Knicks,NY,5211983,Pacome Dadiet,Forward,4,20,81.0,210.0,1,Active,https://a.espncdn.com/i/headshots/nba/players/full/5211983.png,,1,3,0,4.0,3.0,0.5,0.0,0.0,0.5,0.0,2.0,1.96,15.428571428571429,2.5714285714285716,0.0,5,0,6.666666666666667,3.6666666666666665,1.3333333333333333,0.3333333333333333,0.3333333333333333,0.3333333333333333,0.0,2.0,2.1759999999999997,15.285714285714286,4.714285714285714,1.0,10,0,5.714285714285714,2.857142857142857,1.0,0.42857142857142855,0.2857142857142857,0.2857142857142857,0.0,3.6666666666666665,1.888,12.051020408163266,5.806122448979592,1.5714285714285714,76,0,4.944444444444445,1.8888888888888888,0.9444444444444444,0.4166666666666667,0.1388888888888889,0.1388888888888889,0.027777777777777776,2.391304347826087,0.9831578947368421,10.756326530612245,8.218985776128633,3.493778602350031
18,New York Knicks,NY,5289900,Mohamed Diawara,Forward,51,21,81.0,225.0,0,Active,https://a.espncdn.com/i/headshots/nba/players/full/5289900.png,,1,3,0,8.0,0.0,3.0,2.0,1.0,0.0,0.0,2.0,0.3333333333333333,0.0,13.5,9.0,5,0,8.5,0.0,1.5,1.0,0.5,0.0,0.0,2.0,0.8,0.0,6.75,4.5,10,0,7.8,1.4,1.8,1.0,0.6,0.2,0.0,5.5,1.3,5.7,6.9,3.9,97,7,9.04,3.3733333333333335,1.3733333333333333,0.7866666666666666,0.44,0.24,0.08,5.714285714285714,2.7789690721649483,11.799159823082963,5.253913658002364,2.95562741160399
18,New York Knicks,NY,3062679,Josh Hart,Guard,3,31,77.0,215.0,8,Active,https://a.espncdn.com/i/headshots/nba/players/full/3062679.png,,1,3,3,30.666666666666668,14.666666666666666,8.0,6.0,2.3333333333333335,2.6666666666666665,0.0,13.666666666666666,15.586666666666666,16.56883116883117,10.04025974025974,7.259740259740259,5,5,30.4,14.8,8.0,4.6,2.0,2.0,0.2,17.75,14.416,17.181343195180794,9.884445054389436,5.5331522759776375,10,10,31.9,12.2,7.6,4.4,2.2,1.7,0.2,17.22222222222222,13.016,14.134121481040282,8.879308774280966,5.1049211263338075,81,67,30.703703703703702,11.88888888888889,7.592592592592593,4.7407407407407405,1.9506172839506173,1.2592592592592593,0.24691358024691357,13.764705882352942,11.89432098765432,13.996808762749856,8.97495322722179,5.531716556756392
18,New York Knicks,NY,4871141,Ariel Hukporti,Center,55,24,84.0,246.0,1,Active,https://a.espncdn.com/i/headshots/nba/players/full/4871141.png,,1,3,0,8.0,2.0,5.0,1.0,0.0,1.0,0.0,2.0,0.3333333333333333,9.0,22.5,4.5,5,0,12.0,3.5,4.5,1.0,0.5,0.5,0.0,2.0,1.7280000000000002,10.125,15.75,3.375,10,0,9.428571428571429,2.4285714285714284,4.0,0.2857142857142857,0.5714285714285714,0.2857142857142857,0.5714285714285714,8.666666666666666,2.06,7.160564225690275,16.283913565426168,0.9642857142857143,95,5,9.11111111111111,2.126984126984127,3.015873015873016,0.49206349206349204,0.5873015873015873,0.19047619047619047,0.49206349206349204,4.888888888888889,1.5696842105263158,7.914785792405214,14.06760004426451,1.5535869810413991
18,New York Knicks,NY,4395623,Trey Jemison III,Forward,50,26,82.0,270.0,2,Active,https://a.espncdn.com/i/headshots/nba/players/full/4395623.png,,1,3,0,10.5,1.3333333333333333,0.6666666666666666,0.6666666666666666,1.3333333333333333,0.0,0.0,0.5,2.3333333333333335,4.0,2.0,2.0,5,0,10.5,1.3333333333333333,0.6666666666666666,0.6666666666666666,1.3333333333333333,0.0,0.0,0.5,1.4,4.0,2.0,2.0,10,0,10.5,1.3333333333333333,0.6666666666666666,0.6666666666666666,1.3333333333333333,0.0,0.0,0.5,0.7,4.0,2.0,2.0,33,0,6.3076923076923075,0.9285714285714286,1.2857142857142858,0.35714285714285715,0.7142857142857143,0.07142857142857142,0.14285714285714285,0.875,0.6193939393939393,4.0,11.683333333333332,1.5833333333333333
18,New York Knicks,NY,4702159,Dillon Jones,Forward,33,24,77.0,235.0,1,Active,https://a.espncdn.com/i/headshots/nba/players/full/4702159.png,,1,3,0,12.0,1.0,0.5,0.0,0.0,0.5,0.0,0.0,1.0,6.0,3.0,0.0,5,0,12.0,1.0,0.5,0.0,0.0,0.5,0.0,0.0,0.6,6.0,3.0,0.0,10,0,7.5,0.6666666666666666,0.3333333333333333,0.0,0.0,0.3333333333333333,0.0,2.0,0.4,3.0,1.5,0.0,18,0,5.571428571428571,1.125,0.875,0.5,0.0,0.375,0.0,2.5,0.5977777777777777,7.653061224489796,5.326530612244897,3.7551020408163263
18,New York Knicks,NY,4433225,Tyler Kolek,Guard,13,25,74.0,195.0,1,Active,https://a.espncdn.com/i/headshots/nba/players/full/4433225.png,,1,3,0,4.5,4.0,0.5,0.5,0.0,0.0,0.0,2.0,2.3333333333333335,18.0,2.25,2.25,5,0,7.333333333333333,4.0,1.3333333333333333,1.0,0.3333333333333333,0.0,0.0,2.0,2.6,15.692307692307693,4.269230769230769,3.3461538461538463,10,0,7.0,3.7142857142857144,0.8571428571428571,1.7142857142857142,0.42857142857142855,0.0,0.0,4.0,2.788,13.410989010989011,3.972527472527472,8.205494505494505,94,1,11.295774647887324,4.450704225352113,1.5352112676056338,2.6338028169014085,0.8309859154929577,0.30985915492957744,0.07042253521126761,7.214285714285714,3.74,13.93001445717897,4.330368832076308,8.23081565303911
18,New York Knicks,NY,4431823,Miles McBride,Guard,2,25,74.0,195.0,4,Active,https://a.espncdn.com/i/headshots/nba/players/full/4431823.png,,1,3,0,15.0,7.0,2.0,1.6666666666666667,0.0,1.0,0.3333333333333333,13.0,6.293333333333333,16.33613445378151,4.840336134453782,3.9831932773109244,5,1,18.2,9.2,2.4,1.2,0.0,0.8,0.2,16.0,6.327999999999999,16.008577223993047,4.744363952477543,2.8134453781512603,10,2,17.9,6.4,1.7,1.2,0.2,0.6,0.3,16.0,5.852,12.084288611996524,3.4436105476673426,2.5510084033613447,56,17,24.490909090909092,10.672727272727272,2.1818181818181817,2.2181818181818183,0.7272727272727273,0.7818181818181819,0.21818181818181817,12.135135135135135,9.842857142857143,14.92877675014521,3.339513727779809,3.346196255233685
18,New York Knicks,NY,4411057,Kevin McCullar Jr.,Guard,9,25,78.0,210.0,1,Active,https://a.espncdn.com/i/headshots/nba/players/full/4411057.png,,1,3,0,25.0,7.0,1.0,0.5,0.0,1.0,0.0,0.0,3.6666666666666665,20.16,2.88,1.44,5,0,25.0,7.0,1.0,0.5,0.0,1.0,0.0,0.0,2.2,20.16,2.88,1.44,10,0,10.0,4.0,1.0,0.25,0.25,0.75,0.0,1.0,1.4,14.719999999999999,8.959999999999999,0.48,35,0,7.380952380952381,2.272727272727273,1.2727272727272727,0.9090909090909091,0.5454545454545454,0.4090909090909091,0.0,2.1666666666666665,1.7485714285714287,12.76883295194508,7.059998653923812,5.927700901871046
18,New York Knicks,NY,4351852,Mitchell Robinson,Center,23,28,84.0,240.0,7,Active,https://a.espncdn.com/i/headshots/nba/players/full/4351852.png,Day-To-Day,1,3,0,13.0,4.666666666666667,5.666666666666667,0.0,1.0,0.3333333333333333,0.3333333333333333,14.0,4.88,12.0,14.666666666666666,0.0,5,0,13.8,4.8,5.8,0.2,0.6,0.6,0.2,14.0,5.3839999999999995,11.957142857142857,14.585714285714285,0.5142857142857143,10,0,13.88888888888889,5.0,5.333333333333333,0.2222222222222222,0.5555555555555556,0.4444444444444444,0.5555555555555556,16.333333333333332,4.595999999999999,12.989348370927319,13.532999164578111,0.6190476190476191,75,16,18.62162162162162,5.581081081081081,8.256756756756756,0.7837837837837838,0.6486486486486487,0.8513513513513513,1.0810810810810811,10.8,4.829866666666667,10.842840390944552,15.813073745590993,1.5473068155427825
18,New York Knicks,NY,3914044,Landry Shamet,Guard,44,29,77.0,190.0,7,Active,https://a.espncdn.com/i/headshots/nba/players/full/3914044.png,,1,3,0,20.666666666666668,10.0,1.6666666666666667,1.6666666666666667,0.6666666666666666,0.6666666666666666,0.0,16.5,5.3999999999999995,16.105263157894736,3.6285714285714286,2.5488721804511276,5,0,18.0,10.2,1.2,1.0,0.4,0.4,0.0,17.75,5.4399999999999995,21.329468055164647,2.600672268907563,1.5293233082706768,10,0,15.5,7.4,1.0,0.8,0.5,0.4,0.0,13.375,4.796,14.841657104505401,1.9557207498383966,2.2646616541353386,65,12,20.96923076923077,8.538461538461538,1.5846153846153845,1.2461538461538462,0.5846153846153846,0.5384615384615384,0.13846153846153847,12.205128205128204,7.483076923076924,13.83537882522522,2.519806602895603,2.3764801348420233
18,New York Knicks,NY,4610139,Jeremy Sochan,Forward,20,23,80.0,230.0,3,Active,https://a.espncdn.com/i/headshots/nba/players/full/4610139.png,,1,3,0,,,,,,,,,0.0,,,,5,0,9.0,5.0,2.0,2.0,1.0,0.0,1.0,,0.752,20.0,8.0,8.0,10,0,4.4,4.0,1.0,0.4,0.2,0.2,0.2,1.0,1.252,35.714285714285715,11.2,1.6,83,0,10.040816326530612,3.63265306122449,2.2857142857142856,0.8571428571428571,0.4489795918367347,0.3673469387755102,0.16326530612244897,4.9523809523809526,2.0959036144578316,13.35900170605531,8.955700072671208,2.154638314866406
18,New York Knicks,NY,3136195,Karl-Anthony Towns,Center,32,30,84.0,248.0,10,Active,https://a.espncdn.com/i/headshots/nba/players/full/3136195.png,,1,3,3,32.666666666666664,16.666666666666668,11.666666666666666,3.6666666666666665,0.6666666666666666,1.6666666666666667,1.0,22.0,12.213333333333333,19.102564102564102,13.461538461538462,4.051282051282051,5,5,31.6,16.0,10.4,5.2,2.2,1.2,1.2,20.4,13.856,19.92153846153846,11.856923076923076,6.930769230769231,10,10,29.3,15.3,10.5,6.2,2.4,1.2,1.2,16.8,13.216000000000003,20.03210299504417,12.899971988795519,8.368957121310064,92,90,30.822222222222223,19.522222222222222,11.644444444444444,3.433333333333333,2.511111111111111,0.9333333333333333,0.6555555555555556,12.318181818181818,17.609565217391307,22.919294491353703,13.655344901592157,4.1459332493526615
