game_date,home_team,away_team,home_odds,away_odds,home_score,away_score,home_win,source_query,source,market_home_raw_prob,market_away_raw_prob,market_home_no_vig_prob,home_decimal_odds,away_decimal_odds,home_games_played,home_win_pct,home_last5_win_pct,home_gf_per_game,home_ga_per_game,home_goal_diff_per_game,home_last5_gf_per_game,home_last5_ga_per_game,home_rest_days,away_games_played,away_win_pct,away_last5_win_pct,away_gf_per_game,away_ga_per_game,away_goal_diff_per_game,away_last5_gf_per_game,away_last5_ga_per_game,away_rest_days,home_is_favorite,home_form_edge,home_goal_diff_edge,home_rest_edge,home_market_edge_feature,train_rows,model_home_win_prob,model_away_win_prob,market_away_no_vig_prob
2026-04-11,TOR,FLA,-130,114,2,6,0,Florida Panthers highest moneyline this season,statmuse,0.5652173913043478,0.4672897196261682,0.5474222746950019,1.7692307692307692,2.1399999999999997,85.0,0.4,0.2,3.1294117647058823,3.588235294117647,-0.4588235294117647,3.0,4.8,2.0,86.0,0.46511627906976744,0.2,2.9767441860465116,3.4186046511627906,-0.4418604651162791,2.4,4.8,2.0,1,0.0,-0.016963064295485608,0.0,0.04742227469500193,990,0.5486345056152363,0.4513654943847637,0.45257772530499807
2026-04-11,UTA,CAR,-131,108,1,4,0,Carolina Hurricanes highest moneyline this season,statmuse,0.5670995670995671,0.4807692307692308,0.541193294669103,1.7633587786259541,2.08,85.0,0.5176470588235295,1.0,3.223529411764706,2.929411764705882,0.29411764705882354,5.8,2.8,2.0,85.0,0.611764705882353,0.8,3.588235294117647,3.011764705882353,0.5764705882352941,5.0,3.4,2.0,1,0.19999999999999996,-0.28235294117647053,0.0,0.04119329466910304,990,0.45937833727502014,0.5406216627249798,0.45880670533089696
2026-04-12,ANA,VAN,-329,261,3,4,0,Anaheim Ducks lowest moneyline this season,statmuse,0.7668997668997669,0.2770083102493075,0.734643005152503,1.303951367781155,3.61,86.0,0.5348837209302325,0.2,3.3372093023255816,3.441860465116279,-0.10465116279069768,2.8,4.2,3.0,85.0,0.3176470588235294,0.2,2.7176470588235295,3.7529411764705882,-1.035294117647059,2.4,4.2,1.0,1,0.0,0.9306429548563613,2.0,0.23464300515250303,1002,0.7119686854911208,0.2880313145088792,0.265356994847497
2026-04-12,CBJ,BOS,-198,163,2,3,0,Boston Bruins highest moneyline this season,statmuse,0.6644295302013423,0.38022813688212925,0.6360260888682611,1.5050505050505052,2.63,87.0,0.4827586206896552,0.4,3.0344827586206895,3.057471264367816,-0.022988505747126436,2.2,3.4,1.0,86.0,0.5465116279069767,0.0,3.313953488372093,3.0813953488372094,0.23255813953488372,1.8,3.0,1.0,1,0.4,-0.25554664528201015,0.0,0.13602608886826106,1002,0.6181881626377673,0.3818118373622327,0.36397391113173894
2026-04-12,CGY,UTA,139,-167,4,1,1,Calgary Flames highest moneyline this season,statmuse,0.41841004184100417,0.6254681647940075,0.4008226622431057,2.3899999999999997,1.5988023952095807,87.0,0.40229885057471265,0.2,2.5402298850574714,3.2298850574712645,-0.6896551724137931,2.6,4.0,1.0,86.0,0.5116279069767442,0.8,3.197674418604651,2.941860465116279,0.2558139534883721,4.8,3.2,1.0,0,-0.6000000000000001,-0.9454691259021653,0.0,-0.0991773377568943,1002,0.4880742778410098,0.5119257221589901,0.5991773377568943
2026-04-12,NJD,OTT,-126,104,4,3,1,New Jersey Devils lowest moneyline this season,statmuse,0.5575221238938053,0.49019607843137253,0.532129844319311,1.7936507936507935,2.04,87.0,0.5057471264367817,0.4,2.839080459770115,3.057471264367816,-0.21839080459770116,2.8,3.4,1.0,86.0,0.5348837209302325,0.8,3.302325581395349,3.0232558139534884,0.27906976744186046,4.2,2.0,1.0,1,-0.4,-0.4974605720395616,0.0,0.032129844319310985,1002,0.36331074726192397,0.6366892527380761,0.467870155680689
2026-04-12,WSH,PIT,-147,122,3,0,1,Washington Capitals lowest moneyline this season,statmuse,0.5951417004048583,0.45045045045045046,0.5691910559179544,1.6802721088435373,2.2199999999999998,86.0,0.5348837209302325,0.6,3.2325581395348837,2.9651162790697674,0.26744186046511625,4.0,4.0,1.0,87.0,0.5287356321839081,0.6,3.5517241379310347,3.160919540229885,0.39080459770114945,5.0,4.0,1.0,1,0.0,-0.1233627372360332,0.0,0.06919105591795438,1002,0.4036413096047737,0.5963586903952263,0.4308089440820456
2026-04-13,CHI,BUF,169,-207,1,5,0,Buffalo Sabres lowest moneyline this season,statmuse,0.37174721189591076,0.6742671009771987,0.3553940011344825,2.69,1.4830917874396135,86.0,0.3488372093023256,0.2,2.558139534883721,3.302325581395349,-0.7441860465116279,2.4,4.0,2.0,86.0,0.6046511627906976,0.6,3.488372093023256,2.953488372093023,0.5348837209302325,3.4,3.0,4.0,0,-0.39999999999999997,-1.2790697674418605,-2.0,-0.1446059988655175,1007,0.4542106276925341,0.5457893723074658,0.6446059988655175
2026-04-13,EDM,COL,104,-125,1,2,0,Colorado Avalanche highest moneyline this season,statmuse,0.49019607843137253,0.5555555555555556,0.46874999999999994,2.04,1.8,88.0,0.5,0.4,3.3636363636363638,3.2386363636363638,0.125,2.8,3.0,2.0,85.0,0.6588235294117647,0.6,3.6941176470588237,2.4941176470588236,1.2,2.4,1.6,2.0,0,-0.19999999999999996,-1.075,0.0,-0.031250000000000056,1007,0.2843514496164173,0.7156485503835828,0.53125
2026-04-13,FLA,NYR,132,-160,3,2,1,Florida Panthers highest moneyline this season,statmuse,0.43103448275862066,0.6153846153846154,0.41191381495564006,2.3200000000000003,1.625,87.0,0.47126436781609193,0.2,3.0114942528735633,3.4022988505747125,-0.39080459770114945,3.2,5.0,2.0,86.0,0.4069767441860465,0.4,2.9069767441860463,3.104651162790698,-0.19767441860465115,3.4,2.4,2.0,0,-0.2,-0.1931301790964983,0.0,-0.08808618504435994,1007,0.2559428682517945,0.7440571317482054,0.5880861850443599
2026-04-13,NSH,SJS,-154,127,2,3,0,Nashville Predators lowest moneyline this season,statmuse,0.6062992125984252,0.44052863436123346,0.5791775738096027,1.6493506493506493,2.27,86.0,0.47674418604651164,0.6,3.011627906976744,3.2209302325581395,-0.20930232558139536,3.2,2.2,2.0,85.0,0.4588235294117647,0.2,3.011764705882353,3.541176470588235,-0.5294117647058824,2.4,4.6,2.0,1,0.39999999999999997,0.32010943912448697,0.0,0.07917757380960266,1007,0.7007393806698198,0.2992606193301802,0.42082242619039734
2026-04-13,PHI,CAR,-166,138,3,2,1,Carolina Hurricanes highest moneyline this season,statmuse,0.6240601503759399,0.42016806722689076,0.5976281236764084,1.6024096385542168,2.38,87.0,0.5057471264367817,0.8,3.0114942528735633,3.0229885057471266,-0.011494252873563218,4.2,2.0,2.0,86.0,0.6162790697674418,0.8,3.5930232558139537,2.988372093023256,0.6046511627906976,4.8,3.4,2.0,1,0.0,-0.6161454156642608,0.0,0.09762812367640838,1007,0.47499824826638515,0.5250017517336149,0.4023718763235916
2026-04-13,SEA,LAK,147,-176,3,5,0,Los Angeles Kings lowest moneyline this season,statmuse,0.4048582995951417,0.6376811594202898,0.38833858622242234,2.4699999999999998,1.5681818181818183,85.0,0.43529411764705883,0.4,2.8117647058823527,3.152941176470588,-0.3411764705882353,2.8,3.8,2.0,86.0,0.45348837209302323,0.8,2.755813953488372,2.9302325581395348,-0.1744186046511628,3.8,2.8,2.0,0,-0.4,-0.1667578659370725,0.0,-0.11166141377757766,1007,0.5395579135133791,0.4604420864866209,0.6116614137775777
2026-04-13,STL,MIN,-188,154,6,3,1,Minnesota Wild highest moneyline this season,statmuse,0.6527777777777778,0.3937007874015748,0.6237851395130107,1.5319148936170213,2.54,85.0,0.4235294117647059,0.6,2.7176470588235295,3.0941176470588236,-0.3764705882352941,3.4,2.6,2.0,86.0,0.5581395348837209,0.6,3.255813953488372,2.9069767441860463,0.3488372093023256,3.8,2.8,2.0,1,0.0,-0.7253077975376196,0.0,0.12378513951301073,1007,0.6494819259377077,0.3505180740622923,0.37621486048698927
2026-04-13,TBL,DET,-200,165,4,3,1,Detroit Red Wings highest moneyline this season,statmuse,0.6666666666666666,0.37735849056603776,0.6385542168674698,1.5,2.65,87.0,0.632183908045977,0.4,3.528735632183908,2.8045977011494254,0.7241379310344828,2.0,2.8,2.0,88.0,0.5227272727272727,0.2,2.977272727272727,3.034090909090909,-0.056818181818181816,3.4,4.2,2.0,1,0.2,0.7809561128526645,0.0,0.13855421686746983,1007,0.6868871287049585,0.3131128712950415,0.3614457831325302
2026-04-13,TOR,DAL,163,-196,5,6,0,Dallas Stars lowest moneyline this season,statmuse,0.38022813688212925,0.6621621621621622,0.364765613447035,2.63,1.510204081632653,86.0,0.3953488372093023,0.0,3.116279069767442,3.616279069767442,-0.5,2.4,5.2,2.0,86.0,0.6162790697674418,0.8,3.3488372093023258,2.697674418604651,0.6511627906976745,2.8,1.8,2.0,0,-0.8,-1.1511627906976745,0.0,-0.135234386552965,1007,0.15825914085874052,0.8417408591412595,0.635234386552965
2026-04-13,VGK,WPG,-183,152,6,2,1,Winnipeg Jets highest moneyline this season,statmuse,0.6466431095406361,0.3968253968253968,0.6197054396903892,1.5464480874316942,2.52,87.0,0.45977011494252873,0.8,3.057471264367816,3.045977011494253,0.011494252873563218,3.8,2.2,2.0,85.0,0.43529411764705883,0.6,2.823529411764706,3.0823529411764707,-0.25882352941176473,2.4,3.0,2.0,1,0.20000000000000007,0.27031778228532793,0.0,0.11970543969038916,1007,0.627494395137094,0.37250560486290596,0.38029456030961084
2026-04-14,BOS,NJD,-152,127,4,0,1,Boston Bruins lowest moneyline this season,statmuse,0.6031746031746031,0.44052863436123346,0.5779177274554469,1.6578947368421053,2.27,87.0,0.5517241379310345,0.2,3.310344827586207,3.0689655172413794,0.2413793103448276,2.2,3.0,2.0,88.0,0.5113636363636364,0.6,2.852272727272727,3.0568181818181817,-0.20454545454545456,3.0,3.2,2.0,1,-0.39999999999999997,0.44592476489028215,0.0,0.0779177274554469,1017,0.5282161633000583,0.4717838366999417,0.4220822725445531
2026-04-14,CBJ,WSH,-153,128,1,2,0,Columbus Blue Jackets lowest moneyline this season,statmuse,0.6047430830039525,0.43859649122807015,0.5796224910275156,1.65359477124183,2.2800000000000002,88.0,0.4772727272727273,0.4,3.022727272727273,3.0568181818181817,-0.03409090909090909,2.4,3.0,2.0,87.0,0.5402298850574713,0.8,3.2298850574712645,2.9310344827586206,0.2988505747126437,4.0,2.6,2.0,1,-0.4,-0.3329414838035528,0.0,0.07962249102751562,1017,0.4431954268626,0.5568045731374001,0.4203775089724844
2026-04-14,MIN,ANA,144,-174,3,2,1,Anaheim Ducks lowest moneyline this season,statmuse,0.4098360655737705,0.635036496350365,0.3922354557947778,2.44,1.5747126436781609,87.0,0.5517241379310345,0.4,3.2528735632183907,2.942528735632184,0.3103448275862069,3.6,3.8,1.0,87.0,0.5287356321839081,0.2,3.3333333333333335,3.4482758620689653,-0.11494252873563218,2.8,4.2,2.0,0,0.2,0.4252873563218391,-1.0,-0.10776454420522219,1017,0.4223486443910599,0.5776513556089401,0.6077645442052222
2026-04-14,NYI,CAR,-181,151,1,2,0,Carolina Hurricanes highest moneyline this season,statmuse,0.6441281138790036,0.398406374501992,0.6178482544777034,1.5524861878453038,2.51,87.0,0.5172413793103449,0.2,2.8620689655172415,3.0114942528735633,-0.14942528735632185,2.0,3.6,2.0,87.0,0.6091954022988506,0.6,3.574712643678161,2.9885057471264367,0.5862068965517241,4.4,3.4,1.0,1,-0.39999999999999997,-0.735632183908046,1.0,0.11784825447770342,1017,0.7118162952868724,0.2881837047131276,0.3821517455222966
2026-04-14,PHI,MTL,240,-299,4,2,1,Montreal Canadiens lowest moneyline this season,statmuse,0.29411764705882354,0.7493734335839599,0.28185928228313084,3.4,1.334448160535117,88.0,0.5113636363636364,0.8,3.0113636363636362,3.0113636363636362,0.0,4.0,2.2,1.0,87.0,0.5977011494252874,0.6,3.4367816091954024,3.0689655172413794,0.367816091954023,2.4,2.6,2.0,0,0.20000000000000007,-0.367816091954023,-1.0,-0.21814071771686916,1017,0.3273896014540205,0.6726103985459795,0.7181407177168692
2026-04-14,STL,PIT,-219,180,7,5,1,Pittsburgh Penguins highest moneyline this season,statmuse,0.6865203761755486,0.35714285714285715,0.6577987556318386,1.45662100456621,2.8,86.0,0.43023255813953487,0.6,2.755813953488372,3.0930232558139537,-0.3372093023255814,3.4,2.8,1.0,88.0,0.5227272727272727,0.6,3.5113636363636362,3.159090909090909,0.3522727272727273,4.4,3.4,2.0,1,0.0,-0.6894820295983086,-1.0,0.15779875563183865,1017,0.7782947512491147,0.22170524875088526,0.34220124436816135
2026-04-14,UTA,WPG,-223,181,5,3,1,Utah Mammoth lowest moneyline this season,statmuse,0.6904024767801857,0.35587188612099646,0.6598675273527584,1.4484304932735426,2.81,87.0,0.5057471264367817,0.6,3.1724137931034484,2.954022988505747,0.21839080459770116,3.8,3.6,2.0,86.0,0.43023255813953487,0.6,2.813953488372093,3.116279069767442,-0.3023255813953488,2.8,3.6,1.0,1,0.0,0.5207163859930499,1.0,0.15986752735275844,1017,0.7794294390880848,0.22057056091191518,0.34013247264724156
2026-04-14,VAN,LAK,138,-167,4,3,1,Los Angeles Kings lowest moneyline this season,statmuse,0.42016806722689076,0.6254681647940075,0.4018300574902929,2.38,1.5988023952095807,86.0,0.32558139534883723,0.4,2.7325581395348837,3.744186046511628,-1.0116279069767442,2.8,3.8,2.0,87.0,0.45977011494252873,1.0,2.781609195402299,2.9310344827586206,-0.14942528735632185,4.0,2.4,1.0,0,-0.6,-0.8622026196204223,1.0,-0.09816994250970712,1017,0.4542377839810196,0.5457622160189803,0.5981699425097071
2026-04-15,BUF,DAL,123,-149,3,4,0,Buffalo Sabres highest moneyline this season,statmuse,0.4484304932735426,0.5983935742971888,0.42837235708018645,2.23,1.6711409395973154,87.0,0.6091954022988506,0.8,3.5057471264367814,2.9310344827586206,0.5747126436781609,4.2,2.4,2.0,87.0,0.6206896551724138,0.8,3.3793103448275863,2.7241379310344827,0.6551724137931034,3.4,2.8,2.0,0,0.0,-0.08045977011494254,0.0,-0.07162764291981355,1025,0.5423750215766668,0.45762497842333316,0.5716276429198135
2026-04-15,CHI,SJS,103,-125,5,2,1,Chicago Blackhawks lowest moneyline this season,statmuse,0.49261083743842365,0.5555555555555556,0.46997389033942555,2.0300000000000002,1.8,87.0,0.3448275862068966,0.2,2.5402298850574714,3.32183908045977,-0.7816091954022989,2.4,4.4,2.0,86.0,0.46511627906976744,0.4,3.011627906976744,3.5232558139534884,-0.5116279069767442,2.4,3.8,2.0,0,-0.2,-0.2699812884255547,0.0,-0.03002610966057445,1025,0.6365135032390926,0.3634864967609074,0.5300261096605745
2026-04-15,FLA,DET,140,-168,8,1,1,Detroit Red Wings lowest moneyline this season,statmuse,0.4166666666666667,0.6268656716417911,0.39928486293206195,2.4,1.5952380952380953,88.0,0.4772727272727273,0.4,3.0113636363636362,3.3863636363636362,-0.375,3.0,3.6,2.0,89.0,0.5168539325842697,0.2,2.9775280898876404,3.044943820224719,-0.06741573033707865,3.8,4.2,2.0,0,0.2,-0.30758426966292135,0.0,-0.10071513706793805,1025,0.5256411022729267,0.4743588977270733,0.600715137067938
2026-04-15,OTT,TOR,-202,167,3,1,1,Ottawa Senators lowest moneyline this season,statmuse,0.6688741721854304,0.37453183520599254,0.6410488030998168,1.495049504950495,2.67,87.0,0.5287356321839081,0.8,3.2988505747126435,3.0344827586206895,0.26436781609195403,4.6,2.0,3.0,87.0,0.39080459770114945,0.0,3.1379310344827585,3.6436781609195403,-0.5057471264367817,3.2,5.6,2.0,1,0.8,0.7701149425287357,1.0,0.14104880309981682,1025,0.7375042518171655,0.2624957481828345,0.3589511969001832
2026-04-15,TBL,NYR,-151,127,2,4,0,New York Rangers highest moneyline this season,statmuse,0.601593625498008,0.44052863436123346,0.5772773969718915,1.6622516556291391,2.27,88.0,0.6363636363636364,0.4,3.534090909090909,2.8068181818181817,0.7272727272727273,2.2,3.2,2.0,87.0,0.40229885057471265,0.4,2.896551724137931,3.103448275862069,-0.20689655172413793,3.4,2.4,2.0,1,0.0,0.9341692789968652,0.0,0.07727739697189151,1025,0.5703423337714383,0.4296576662285617,0.4227226030281085
2026-04-15,VGK,SEA,-329,263,4,1,1,Seattle Kraken highest moneyline this season,statmuse,0.7668997668997669,0.27548209366391185,0.7357186420004066,1.303951367781155,3.63,88.0,0.4659090909090909,0.8,3.090909090909091,3.034090909090909,0.056818181818181816,3.8,2.0,2.0,86.0,0.43023255813953487,0.4,2.813953488372093,3.1744186046511627,-0.36046511627906974,3.0,4.0,2.0,1,0.4,0.41728329809725156,0.0,0.2357186420004066,1025,0.7700429192806876,0.22995708071931242,0.2642813579995934
2026-04-16,CGY,LAK,143,-172,3,1,1,Calgary Flames highest moneyline this season,statmuse,0.411522633744856,0.6323529411764706,0.39422575221751993,2.4299999999999997,1.5813953488372094,89.0,0.4044943820224719,0.2,2.539325842696629,3.202247191011236,-0.6629213483146067,2.0,3.0,2.0,88.0,0.45454545454545453,0.8,2.784090909090909,2.9431818181818183,-0.1590909090909091,3.2,2.0,2.0,0,-0.6000000000000001,-0.5038304392236976,0.0,-0.10577424778248007,1031,0.5620620812223253,0.43793791877767474,0.6057742477824801
2026-04-16,COL,SEA,-218,180,2,0,1,Seattle Kraken highest moneyline this season,statmuse,0.6855345911949685,0.35714285714285715,0.6574752261956054,1.4587155963302751,2.8,87.0,0.6666666666666666,0.8,3.6666666666666665,2.4597701149425286,1.206896551724138,2.6,1.4,2.0,87.0,0.42528735632183906,0.4,2.793103448275862,3.1839080459770117,-0.39080459770114945,2.8,3.6,1.0,1,0.4,1.5977011494252873,1.0,0.1574752261956054,1031,0.7461163519148839,0.2538836480851161,0.3425247738043946
2026-04-16,EDM,VAN,-360,276,6,1,1,Edmonton Oilers lowest moneyline this season,statmuse,0.782608695652174,0.26595744680851063,0.7463608292898103,1.2777777777777777,3.76,89.0,0.4943820224719101,0.2,3.337078651685393,3.2247191011235956,0.11235955056179775,2.4,3.2,3.0,87.0,0.3333333333333333,0.6,2.7471264367816093,3.735632183908046,-0.9885057471264368,2.8,3.0,2.0,1,-0.39999999999999997,1.1008652976882345,1.0,0.2463608292898103,1031,0.7705678669543561,0.22943213304564392,0.2536391707101897
2026-04-16,WPG,SJS,-161,135,1,6,0,Winnipeg Jets lowest moneyline this season,statmuse,0.6168582375478927,0.425531914893617,0.5917728943458199,1.62111801242236,2.35,87.0,0.42528735632183906,0.4,2.8160919540229883,3.1379310344827585,-0.3218390804597701,3.0,4.4,2.0,87.0,0.45977011494252873,0.2,3.0,3.5402298850574714,-0.5402298850574713,2.2,4.4,1.0,1,0.2,0.21839080459770116,1.0,0.09177289434581992,1031,0.775035705666835,0.224964294333165,0.4082271056541801
2026-04-18,CAR,OTT,-148,122,2,0,1,Ottawa Senators highest moneyline this season,statmuse,0.5967741935483871,0.45045045045045046,0.5698626335507146,1.6756756756756757,2.2199999999999998,88.0,0.6136363636363636,0.8,3.5568181818181817,2.965909090909091,0.5909090909090909,4.2,2.4,4.0,88.0,0.5340909090909091,0.8,3.2954545454545454,3.0113636363636362,0.2840909090909091,4.0,1.6,3.0,1,0.0,0.3068181818181818,1.0,0.06986263355071465,1035,0.512966964705162,0.487033035294838,0.43013736644928535
2026-04-18,PIT,PHI,-146,122,2,3,0,Pittsburgh Penguins lowest moneyline this season,statmuse,0.5934959349593496,0.45045045045045046,0.5685118922332141,1.6849315068493151,2.2199999999999998,89.0,0.5168539325842697,0.4,3.5280898876404496,3.202247191011236,0.3258426966292135,3.6,4.0,4.0,89.0,0.5168539325842697,0.8,3.0224719101123596,3.0,0.02247191011235955,4.4,2.4,4.0,1,-0.4,0.30337078651685395,0.0,0.06851189223321408,1035,0.43778984743904026,0.5622101525609597,0.4314881077667859
2026-04-19,BUF,BOS,-170,141,4,3,1,Boston Bruins highest moneyline this season,statmuse,0.6296296296296297,0.4149377593360996,0.602765926143887,1.5882352941176472,2.41,88.0,0.6022727272727273,0.8,3.5,2.9431818181818183,0.5568181818181818,4.4,2.0,4.0,88.0,0.5568181818181818,0.4,3.3181818181818183,3.034090909090909,0.2840909090909091,2.8,2.4,5.0,1,0.4,0.27272727272727265,-1.0,0.10276592614388702,1037,0.8047007829332391,0.1952992170667609,0.397234073856113
2026-04-19,COL,LAK,-292,235,2,1,1,Colorado Avalanche lowest moneyline this season,statmuse,0.7448979591836735,0.29850746268656714,0.7139103780470004,1.3424657534246576,3.35,88.0,0.6704545454545454,0.8,3.647727272727273,2.4318181818181817,1.2159090909090908,2.4,1.2,3.0,89.0,0.449438202247191,0.6,2.764044943820225,2.943820224719101,-0.1797752808988764,2.8,2.2,3.0,1,0.20000000000000007,1.3956843718079672,0.0,0.21391037804700042,1037,0.659395636185851,0.34060436381414905,0.2860896219529996
2026-04-19,TBL,MTL,-181,151,3,4,0,Montreal Canadiens highest moneyline this season,statmuse,0.6441281138790036,0.398406374501992,0.6178482544777034,1.5524861878453038,2.51,89.0,0.6292134831460674,0.4,3.5168539325842696,2.8202247191011236,0.6966292134831461,2.2,3.2,4.0,88.0,0.5909090909090909,0.6,3.4204545454545454,3.0795454545454546,0.3409090909090909,2.8,2.8,5.0,1,-0.19999999999999996,0.3557201225740552,-1.0,0.11784825447770342,1037,0.5534254571555524,0.44657454284444764,0.3821517455222966
2026-04-19,VGK,UTA,-163,135,4,2,1,Utah Mammoth highest moneyline this season,statmuse,0.6197718631178707,0.425531914893617,0.592910765420633,1.6134969325153374,2.35,89.0,0.47191011235955055,0.8,3.101123595505618,3.0112359550561796,0.0898876404494382,3.6,2.0,4.0,89.0,0.5056179775280899,0.4,3.191011235955056,2.9775280898876404,0.21348314606741572,2.8,3.4,3.0,1,0.4,-0.12359550561797752,1.0,0.09291076542063303,1037,0.47867010155769524,0.5213298984423047,0.40708923457936697
2026-04-20,CAR,OTT,-154,130,3,2,1,Ottawa Senators highest moneyline this season,statmuse,0.6062992125984252,0.43478260869565216,0.5823742190069057,1.6493506493506493,2.3,89.0,0.6179775280898876,0.8,3.539325842696629,2.932584269662921,0.6067415730337079,3.4,1.4,2.0,89.0,0.5280898876404494,0.6,3.258426966292135,3.0,0.25842696629213485,2.8,1.6,2.0,1,0.20000000000000007,0.34831460674157305,0.0,0.08237421900690567,1041,0.5255991763055538,0.47440082369444625,0.41762578099309433
2026-04-20,DAL,MIN,-145,123,4,2,1,Minnesota Wild highest moneyline this season,statmuse,0.5918367346938775,0.4484304932735426,0.5689275974311604,1.6896551724137931,2.23,89.0,0.6179775280898876,0.8,3.359550561797753,2.764044943820225,0.5955056179775281,3.6,3.6,2.0,89.0,0.5617977528089888,0.4,3.2808988764044944,2.9101123595505616,0.3707865168539326,3.4,3.2,2.0,1,0.4,0.2247191011235955,0.0,0.06892759743116039,1041,0.5611374855413299,0.4388625144586701,0.4310724025688396
2026-04-20,EDM,ANA,-199,165,4,3,1,Anaheim Ducks highest moneyline this season,statmuse,0.6655518394648829,0.37735849056603776,0.6381678465541235,1.5025125628140703,2.65,90.0,0.5,0.4,3.3666666666666667,3.2,0.16666666666666666,3.4,2.4,4.0,89.0,0.5280898876404494,0.4,3.337078651685393,3.449438202247191,-0.11235955056179775,3.2,3.4,4.0,1,0.0,0.27902621722846443,0.0,0.1381678465541235,1041,0.6735400275237621,0.3264599724762379,0.3618321534458765
2026-04-20,PIT,PHI,-154,127,0,3,0,Pittsburgh Penguins lowest moneyline this season,statmuse,0.6062992125984252,0.44052863436123346,0.5791775738096027,1.6493506493506493,2.27,90.0,0.5111111111111111,0.2,3.511111111111111,3.2,0.3111111111111111,3.0,4.2,2.0,90.0,0.5222222222222223,0.8,3.022222222222222,2.988888888888889,0.03333333333333333,4.0,2.6,2.0,1,-0.6000000000000001,0.2777777777777778,0.0,0.07917757380960266,1041,0.48454963951677504,0.515450360483225,0.42082242619039734
2026-04-21,BUF,BOS,-166,140,2,4,0,Boston Bruins highest moneyline this season,statmuse,0.6240601503759399,0.4166666666666667,0.5996387718242023,1.6024096385542168,2.4,89.0,0.6067415730337079,0.8,3.50561797752809,2.943820224719101,0.5617977528089888,4.4,2.2,2.0,89.0,0.550561797752809,0.4,3.3146067415730336,3.044943820224719,0.2696629213483146,3.2,2.8,2.0,1,0.4,0.2921348314606742,0.0,0.09963877182420233,1045,0.821289367356755,0.17871063264324505,0.40036122817579767
2026-04-21,COL,LAK,-280,226,2,1,1,Colorado Avalanche lowest moneyline this season,statmuse,0.7368421052631579,0.3067484662576687,0.7060643564356435,1.3571428571428572,3.26,89.0,0.6741573033707865,0.8,3.6292134831460676,2.4157303370786516,1.2134831460674158,2.2,1.2,2.0,90.0,0.4444444444444444,0.4,2.7444444444444445,2.933333333333333,-0.18888888888888888,2.2,2.4,2.0,1,0.4,1.4023720349563047,0.0,0.20606435643564347,1045,0.8574493867927565,0.1425506132072435,0.29393564356435653
2026-04-21,TBL,MTL,-189,156,3,2,1,Montreal Canadiens highest moneyline this season,statmuse,0.6539792387543253,0.390625,0.6260545520418198,1.529100529100529,2.56,90.0,0.6222222222222222,0.4,3.511111111111111,2.8333333333333335,0.6777777777777778,2.4,2.8,2.0,89.0,0.5955056179775281,0.6,3.4269662921348316,3.0786516853932584,0.34831460674157305,2.8,2.8,2.0,1,-0.19999999999999996,0.32946317103620476,0.0,0.1260545520418198,1045,0.5489786087015904,0.45102139129840957,0.3739454479581802
2026-04-21,VGK,UTA,-155,128,2,3,0,Utah Mammoth highest moneyline this season,statmuse,0.6078431372549019,0.43859649122807015,0.5808678500986193,1.6451612903225805,2.2800000000000002,90.0,0.4777777777777778,0.8,3.111111111111111,3.0,0.1111111111111111,4.0,2.2,2.0,90.0,0.5,0.2,3.1777777777777776,2.988888888888889,0.18888888888888888,2.4,4.0,2.0,1,0.6000000000000001,-0.07777777777777778,0.0,0.0808678500986193,1045,0.5800252779783579,0.4199747220216421,0.4191321499013807
2026-04-22,EDM,ANA,-195,160,4,6,0,Anaheim Ducks highest moneyline this season,statmuse,0.6610169491525424,0.38461538461538464,0.6321695760598504,1.5128205128205128,2.6,91.0,0.5054945054945055,0.6,3.3736263736263736,3.197802197802198,0.17582417582417584,3.2,1.8,2.0,90.0,0.5222222222222223,0.4,3.3333333333333335,3.4555555555555557,-0.12222222222222222,3.8,3.2,2.0,1,0.19999999999999996,0.29804639804639804,0.0,0.13216957605985036,1049,0.7265046750850596,0.27349532491494044,0.36783042394014964
2026-04-22,MIN,DAL,-113,103,3,4,0,Dallas Stars highest moneyline this season,statmuse,0.5305164319248826,0.49261083743842365,0.5185243789416578,1.8849557522123894,2.0300000000000002,90.0,0.5555555555555556,0.4,3.2666666666666666,2.922222222222222,0.34444444444444444,3.0,3.0,2.0,90.0,0.6222222222222222,0.8,3.3666666666666667,2.7555555555555555,0.6111111111111112,3.4,3.2,2.0,1,-0.4,-0.2666666666666667,0.0,0.018524378941657815,1049,0.5754253675821872,0.4245746324178128,0.4814756210583422
2026-04-23,BOS,BUF,-116,-104,1,3,0,Boston Bruins lowest moneyline this season,statmuse,0.5370370370370371,0.5098039215686274,0.5130072840790842,1.8620689655172413,1.9615384615384617,90.0,0.5555555555555556,0.6,3.3222222222222224,3.033333333333333,0.28888888888888886,3.0,2.0,2.0,90.0,0.6,0.6,3.488888888888889,2.9555555555555557,0.5333333333333333,3.8,2.4,2.0,1,0.0,-0.24444444444444446,0.0,0.013007284079084247,1051,0.5580177474932435,0.4419822525067565,0.48699271592091575
2026-04-23,LAK,COL,160,-184,2,4,0,Los Angeles Kings highest moneyline this season,statmuse,0.38461538461538464,0.647887323943662,0.37250786988457507,2.6,1.5434782608695652,91.0,0.43956043956043955,0.2,2.7252747252747254,2.923076923076923,-0.1978021978021978,2.2,2.8,2.0,90.0,0.6777777777777778,1.0,3.611111111111111,2.4,1.211111111111111,2.2,0.8,2.0,0,-0.8,-1.4089133089133088,0.0,-0.12749213011542493,1051,0.29337958167744865,0.7066204183225513,0.6274921301154249
2026-04-23,OTT,CAR,-126,106,1,2,0,Carolina Hurricanes highest moneyline this season,statmuse,0.5575221238938053,0.4854368932038835,0.5345580360820495,1.7936507936507935,2.06,90.0,0.5222222222222223,0.4,3.2444444444444445,3.0,0.24444444444444444,2.2,2.0,3.0,90.0,0.6222222222222222,0.8,3.533333333333333,2.922222222222222,0.6111111111111112,2.6,1.4,3.0,1,-0.4,-0.3666666666666667,0.0,0.03455803608204955,1051,0.4904027803447314,0.5095972196552686,0.46544196391795045
2026-04-24,MTL,TBL,-102,-119,3,2,1,Tampa Bay Lightning highest moneyline this season,statmuse,0.504950495049505,0.54337899543379,0.48167155425219943,1.9803921568627452,1.8403361344537816,90.0,0.5888888888888889,0.4,3.411111111111111,3.077777777777778,0.3333333333333333,2.8,3.2,3.0,91.0,0.6263736263736264,0.6,3.5054945054945055,2.8241758241758244,0.6813186813186813,2.8,2.8,3.0,0,-0.19999999999999996,-0.347985347985348,0.0,-0.01832844574780057,1054,0.4326830057705114,0.5673169942294887,0.5183284457478006
2026-04-24,UTA,VGK,-102,-120,4,2,1,Utah Mammoth highest moneyline this season,statmuse,0.504950495049505,0.5454545454545454,0.48071979434447304,1.9803921568627452,1.8333333333333335,91.0,0.5054945054945055,0.4,3.1758241758241756,2.978021978021978,0.1978021978021978,2.8,3.6,3.0,91.0,0.4725274725274725,0.8,3.098901098901099,3.0,0.0989010989010989,3.8,2.0,3.0,0,-0.4,0.0989010989010989,0.0,-0.01928020565552696,1054,0.38240418290079586,0.6175958170992042,0.519280205655527
2026-04-25,MIN,DAL,-130,108,3,2,1,Dallas Stars highest moneyline this season,statmuse,0.5652173913043478,0.4807692307692308,0.5403677058353318,1.7692307692307692,2.08,91.0,0.5494505494505495,0.4,3.2637362637362637,2.934065934065934,0.32967032967032966,3.4,3.4,3.0,91.0,0.6263736263736264,0.8,3.3736263736263736,2.758241758241758,0.6153846153846154,3.8,3.8,3.0,1,-0.4,-0.28571428571428575,0.0,0.04036770583533178,1056,0.49370202044997785,0.5062979795500222,0.4596322941646682
2026-04-25,OTT,CAR,115,-138,2,4,0,Ottawa Senators highest moneyline this season,statmuse,0.46511627906976744,0.5798319327731093,0.44510940714419295,2.15,1.7246376811594204,91.0,0.5164835164835165,0.2,3.21978021978022,2.989010989010989,0.23076923076923078,1.8,2.4,2.0,91.0,0.6263736263736264,0.8,3.5164835164835164,2.901098901098901,0.6153846153846154,2.2,1.4,2.0,0,-0.6000000000000001,-0.38461538461538464,0.0,-0.05489059285580705,1056,0.43985579924221274,0.5601442007577873,0.554890592855807
2026-04-25,PHI,PIT,-125,106,2,4,0,Philadelphia Flyers lowest moneyline this season,statmuse,0.5555555555555556,0.4854368932038835,0.533678756476684,1.8,2.06,92.0,0.532608695652174,1.0,3.0434782608695654,2.9456521739130435,0.09782608695652174,3.6,1.6,3.0,92.0,0.5,0.0,3.4565217391304346,3.217391304347826,0.2391304347826087,1.8,4.2,3.0,1,1.0,-0.14130434782608697,0.0,0.033678756476683946,1056,0.502140118758436,0.497859881241564,0.46632124352331605
2026-04-26,BOS,BUF,-120,-100,1,6,0,Boston Bruins lowest moneyline this season,statmuse,0.5454545454545454,0.5,0.5217391304347826,1.8333333333333335,2.0,91.0,0.5494505494505495,0.6,3.2967032967032965,3.032967032967033,0.26373626373626374,3.0,2.2,3.0,91.0,0.6043956043956044,0.6,3.4835164835164836,2.934065934065934,0.5494505494505495,3.4,2.6,3.0,1,0.0,-0.28571428571428575,0.0,0.021739130434782594,1059,0.5102742727777028,0.48972572722229724,0.4782608695652174
2026-04-26,LAK,COL,152,-181,1,5,0,Los Angeles Kings highest moneyline this season,statmuse,0.3968253968253968,0.6441281138790036,0.381213370957239,2.52,1.5524861878453038,92.0,0.43478260869565216,0.0,2.717391304347826,2.9347826086956523,-0.21739130434782608,1.6,3.0,3.0,91.0,0.6813186813186813,1.0,3.6153846153846154,2.3956043956043955,1.2197802197802199,2.6,1.0,3.0,0,-1.0,-1.437171524128046,0.0,-0.118786629042761,1059,0.20901984516535932,0.7909801548346407,0.618786629042761
2026-04-26,MTL,TBL,-101,-120,2,3,0,Tampa Bay Lightning highest moneyline this season,statmuse,0.5024875621890548,0.5454545454545454,0.47949935261113513,1.99009900990099,1.8333333333333335,91.0,0.5934065934065934,0.6,3.4065934065934065,3.065934065934066,0.34065934065934067,3.0,2.6,2.0,92.0,0.6195652173913043,0.4,3.489130434782609,2.8260869565217392,0.6630434782608695,2.8,3.2,2.0,0,0.19999999999999996,-0.32238413760152884,0.0,-0.020500647388864868,1059,0.5396344629022106,0.4603655370977894,0.5205006473888649
2026-04-27,PIT,PHI,-130,110,3,2,1,Pittsburgh Penguins lowest moneyline this season,statmuse,0.5652173913043478,0.47619047619047616,0.5427435387673957,1.7692307692307692,2.1,93.0,0.5053763440860215,0.2,3.4623655913978495,3.204301075268817,0.25806451612903225,2.6,4.0,2.0,93.0,0.5268817204301075,0.8,3.032258064516129,2.956989247311828,0.07526881720430108,3.4,2.0,2.0,1,-0.6000000000000001,0.1827956989247312,0.0,0.04274353876739567,1062,0.47147753449260793,0.5285224655073921,0.4572564612326043
2026-04-27,UTA,VGK,138,-157,4,5,0,Utah Mammoth highest moneyline this season,statmuse,0.42016806722689076,0.6108949416342413,0.407509593124663,2.38,1.6369426751592355,92.0,0.5108695652173914,0.6,3.1847826086956523,2.967391304347826,0.21739130434782608,3.4,3.2,3.0,92.0,0.4673913043478261,0.6,3.0869565217391304,3.010869565217391,0.07608695652173914,3.6,2.4,3.0,0,0.0,0.14130434782608695,0.0,-0.092490406875337,1062,0.457096903839416,0.5429030961605841,0.5924904068753369
2026-04-28,BUF,BOS,-170,142,1,2,0,Boston Bruins highest moneyline this season,statmuse,0.6296296296296297,0.4132231404958678,0.6037569709421778,1.5882352941176472,2.42,92.0,0.6086956521739131,0.6,3.510869565217391,2.9130434782608696,0.5978260869565217,3.6,2.6,2.0,92.0,0.5434782608695652,0.4,3.2717391304347827,3.0652173913043477,0.20652173913043478,2.6,3.0,2.0,1,0.19999999999999996,0.3913043478260869,0.0,0.10375697094217784,1064,0.5929242956094857,0.4070757043905143,0.39624302905782216
2026-04-28,DAL,MIN,-105,-106,2,4,0,Dallas Stars highest moneyline this season,statmuse,0.5121951219512195,0.5145631067961165,0.4988468634686347,1.9523809523809523,1.9433962264150944,92.0,0.6195652173913043,0.6,3.358695652173913,2.760869565217391,0.5978260869565217,3.0,3.4,3.0,92.0,0.5543478260869565,0.6,3.260869565217391,2.9239130434782608,0.33695652173913043,3.4,2.6,3.0,0,0.0,0.2608695652173913,0.0,-0.0011531365313652842,1064,0.3890653007869173,0.6109346992130826,0.5011531365313653
2026-04-28,EDM,ANA,-159,133,4,1,1,Anaheim Ducks highest moneyline this season,statmuse,0.6138996138996139,0.4291845493562232,0.5885427423070201,1.6289308176100628,2.33,94.0,0.48936170212765956,0.4,3.382978723404255,3.276595744680851,0.10638297872340426,4.2,4.2,2.0,93.0,0.5376344086021505,0.8,3.4086021505376345,3.4623655913978495,-0.053763440860215055,5.0,3.8,2.0,1,-0.4,0.1601464195836193,0.0,0.08854274230702008,1064,0.3668297399120412,0.6331702600879587,0.4114572576929799
2026-04-29,PHI,PIT,-122,100,1,0,1,Philadelphia Flyers lowest moneyline this season,statmuse,0.5495495495495496,0.5,0.5236051502145922,1.819672131147541,2.0,94.0,0.5212765957446809,0.6,3.021276595744681,2.9574468085106385,0.06382978723404255,3.0,2.2,2.0,94.0,0.5106382978723404,0.4,3.4574468085106385,3.1914893617021276,0.26595744680851063,2.2,3.0,2.0,1,0.19999999999999996,-0.2021276595744681,0.0,0.023605150214592197,1067,0.3924566160985932,0.6075433839014068,0.4763948497854078
2026-04-29,TBL,MTL,-132,120,2,3,0,Montreal Canadiens highest moneyline this season,statmuse,0.5689655172413793,0.45454545454545453,0.555895865237366,1.7575757575757576,2.2,93.0,0.6236559139784946,0.4,3.4838709677419355,2.817204301075269,0.6666666666666666,2.6,3.0,3.0,92.0,0.5869565217391305,0.4,3.391304347826087,3.0652173913043477,0.32608695652173914,2.6,3.0,3.0,1,0.0,0.3405797101449275,0.0,0.055895865237366005,1067,0.46497812483774736,0.5350218751622526,0.444104134762634
2026-04-29,VGK,UTA,-164,138,5,4,1,Utah Mammoth highest moneyline this season,statmuse,0.6212121212121212,0.42016806722689076,0.5965276928719893,1.6097560975609757,2.38,93.0,0.4731182795698925,0.6,3.10752688172043,3.021505376344086,0.08602150537634409,3.4,2.8,2.0,93.0,0.5053763440860215,0.4,3.193548387096774,2.989247311827957,0.20430107526881722,3.2,3.6,2.0,1,0.19999999999999996,-0.11827956989247312,0.0,0.09652769287198926,1067,0.44533647031046597,0.554663529689534,0.40347230712801074
2026-04-30,MIN,DAL,-128,107,5,2,1,Dallas Stars highest moneyline this season,statmuse,0.5614035087719298,0.4830917874396135,0.5374878286270691,1.78125,2.0700000000000003,93.0,0.5591397849462365,0.6,3.2688172043010755,2.913978494623656,0.3548387096774194,3.6,2.6,2.0,93.0,0.6129032258064516,0.4,3.3440860215053765,2.774193548387097,0.5698924731182796,2.6,3.6,2.0,1,0.19999999999999996,-0.21505376344086025,0.0,0.03748782862706912,1070,0.4247803880792184,0.5752196119207815,0.4625121713729309
2026-05-01,MTL,TBL,-102,-118,0,1,0,Tampa Bay Lightning highest moneyline this season,statmuse,0.504950495049505,0.5412844036697247,0.4826358742837298,1.9803921568627452,1.847457627118644,93.0,0.5913978494623656,0.6,3.3870967741935485,3.053763440860215,0.3333333333333333,2.8,2.6,2.0,94.0,0.6170212765957447,0.4,3.4680851063829787,2.8191489361702127,0.648936170212766,2.6,2.8,2.0,0,0.19999999999999996,-0.31560283687943264,0.0,-0.017364125716270218,1071,0.42637056583790556,0.5736294341620944,0.5173641257162702
2026-05-01,UTA,VGK,-101,-118,1,5,0,Utah Mammoth highest moneyline this season,statmuse,0.5024875621890548,0.5412844036697247,0.4814150778380269,1.99009900990099,1.847457627118644,94.0,0.5,0.4,3.202127659574468,3.0106382978723403,0.19148936170212766,3.4,3.6,2.0,94.0,0.4787234042553192,0.6,3.127659574468085,3.0319148936170213,0.09574468085106383,3.6,3.4,2.0,0,-0.19999999999999996,0.09574468085106383,0.0,-0.018584922161973105,1071,0.5424600245104718,0.4575399754895282,0.5185849221619732
2026-05-02,CAR,PHI,-255,207,3,0,1,Carolina Hurricanes lowest moneyline this season,statmuse,0.7183098591549296,0.3257328990228013,0.6880080854242651,1.392156862745098,3.07,92.0,0.6304347826086957,1.0,3.5217391304347827,2.891304347826087,0.6304347826086957,2.6,1.2,7.0,95.0,0.5263157894736842,0.6,3.0,2.9263157894736844,0.07368421052631578,2.6,1.8,3.0,1,0.4,0.5567505720823799,4.0,0.18800808542426506,1073,0.6886197803404667,0.31138021965953333,0.31199191457573494
2026-05-03,COL,MIN,-204,168,9,6,1,Minnesota Wild highest moneyline this season,statmuse,0.6710526315789473,0.373134328358209,0.6426556328756818,1.4901960784313726,2.6799999999999997,92.0,0.6847826086956522,1.0,3.630434782608696,2.380434782608696,1.25,3.0,1.0,7.0,94.0,0.5638297872340425,0.6,3.2872340425531914,2.904255319148936,0.3829787234042553,3.4,2.8,3.0,1,0.4,0.8670212765957447,4.0,0.14265563287568184,1074,0.6620357848510249,0.3379642151489751,0.35734436712431816
2026-05-03,TBL,MTL,-164,136,1,2,0,Montreal Canadiens highest moneyline this season,statmuse,0.6212121212121212,0.423728813559322,0.5944949619071024,1.6097560975609757,2.3600000000000003,95.0,0.6210526315789474,0.6,3.442105263157895,2.789473684210526,0.6526315789473685,2.2,2.0,2.0,94.0,0.5851063829787234,0.4,3.351063829787234,3.0319148936170213,0.3191489361702128,2.0,2.2,2.0,1,0.19999999999999996,0.33348264277715567,0.0,0.09449496190710238,1074,0.42214715138925113,0.5778528486107488,0.4055050380928976
2026-05-04,CAR,PHI,-277,225,3,2,1,Carolina Hurricanes lowest moneyline this season,statmuse,0.7347480106100795,0.3076923076923077,0.7048346055979644,1.3610108303249098,3.25,93.0,0.6344086021505376,1.0,3.5161290322580645,2.860215053763441,0.6559139784946236,2.8,1.0,2.0,96.0,0.5208333333333334,0.4,2.96875,2.9270833333333335,0.041666666666666664,2.0,2.4,2.0,1,0.6,0.614247311827957,0.0,0.2048346055979644,1076,0.782591113786291,0.21740888621370902,0.2951653944020356
2026-05-04,VGK,ANA,-173,145,3,1,1,Anaheim Ducks highest moneyline this season,statmuse,0.6336996336996337,0.40816326530612246,0.6082370668006027,1.5780346820809248,2.45,95.0,0.4842105263157895,0.6,3.1473684210526316,3.0105263157894737,0.1368421052631579,3.8,3.2,3.0,95.0,0.5368421052631579,0.8,3.4,3.4526315789473685,-0.05263157894736842,4.6,3.4,4.0,1,-0.20000000000000007,0.18947368421052632,-1.0,0.10823706680060274,1076,0.6952211027284555,0.3047788972715445,0.39176293319939726
2026-05-05,COL,MIN,-201,167,5,2,1,Minnesota Wild highest moneyline this season,statmuse,0.6677740863787376,0.37453183520599254,0.6406699535616651,1.4975124378109452,2.67,93.0,0.6881720430107527,1.0,3.6881720430107525,2.4193548387096775,1.2688172043010753,4.4,2.2,2.0,95.0,0.5578947368421052,0.6,3.3157894736842106,2.968421052631579,0.3473684210526316,4.2,3.8,2.0,1,0.4,0.9214487832484437,0.0,0.14066995356166512,1078,0.6261771955762481,0.37382280442375193,0.3593300464383349
2026-05-06,BUF,MTL,-140,118,4,2,1,Buffalo Sabres lowest moneyline this season,statmuse,0.5833333333333334,0.45871559633027525,0.5597945707997065,1.7142857142857144,2.1799999999999997,94.0,0.6063829787234043,0.6,3.4893617021276597,2.882978723404255,0.6063829787234043,3.2,1.8,5.0,95.0,0.5894736842105263,0.6,3.336842105263158,3.0105263157894737,0.3263157894736842,2.0,1.8,3.0,1,0.0,0.28006718924972007,2.0,0.059794570799706515,1079,0.5304837053189462,0.4695162946810538,0.4402054292002935
2026-05-06,VGK,ANA,-156,130,1,3,0,Anaheim Ducks highest moneyline this season,statmuse,0.609375,0.43478260869565216,0.5836044242029929,1.641025641025641,2.3,96.0,0.4895833333333333,0.8,3.1458333333333335,2.9895833333333335,0.15625,4.0,2.8,2.0,96.0,0.53125,0.6,3.375,3.4479166666666665,-0.07291666666666667,3.6,3.2,2.0,1,0.20000000000000007,0.22916666666666669,0.0,0.08360442420299286,1079,0.5071282407170469,0.4928717592829531,0.41639557579700714
2026-05-07,PHI,CAR,141,-168,1,4,0,Philadelphia Flyers highest moneyline this season,statmuse,0.4149377593360996,0.6268656716417911,0.39828795624777075,2.41,1.5952380952380953,97.0,0.5154639175257731,0.2,2.9587628865979383,2.9278350515463916,0.030927835051546393,1.4,2.6,3.0,94.0,0.6382978723404256,1.0,3.5106382978723403,2.851063829787234,0.6595744680851063,3.0,1.4,3.0,0,-0.8,-0.6286466330335599,0.0,-0.10171204375222925,1081,0.38717581354750696,0.612824186452493,0.6017120437522292
2026-05-09,MIN,COL,109,-132,5,1,1,Colorado Avalanche highest moneyline this season,statmuse,0.4784688995215311,0.5689655172413793,0.4568008190911239,2.09,1.7575757575757576,96.0,0.5520833333333334,0.6,3.3020833333333335,2.9895833333333335,0.3125,4.0,4.0,4.0,94.0,0.6914893617021277,1.0,3.702127659574468,2.4148936170212765,1.2872340425531914,5.0,2.4,4.0,0,-0.4,-0.9747340425531914,0.0,-0.04319918090887609,1082,0.40424112642471643,0.5957588735752836,0.5431991809088761
2026-05-09,PHI,CAR,166,-203,2,3,0,Philadelphia Flyers highest moneyline this season,statmuse,0.37593984962406013,0.66996699669967,0.3594391326010106,2.66,1.4926108374384237,98.0,0.5102040816326531,0.2,2.938775510204082,2.938775510204082,0.0,1.2,2.6,2.0,95.0,0.6421052631578947,1.0,3.5157894736842104,2.831578947368421,0.6842105263157895,3.2,1.2,2.0,0,-0.8,-0.6842105263157895,0.0,-0.14056086739898938,1082,0.3913869308154495,0.6086130691845505,0.6405608673989893
2026-05-10,ANA,VGK,-120,100,4,3,1,Vegas Golden Knights highest moneyline this season,statmuse,0.5454545454545454,0.5,0.5217391304347826,1.8333333333333335,2.0,98.0,0.5306122448979592,0.4,3.357142857142857,3.4489795918367347,-0.09183673469387756,2.4,3.2,2.0,98.0,0.4897959183673469,0.8,3.1530612244897958,2.979591836734694,0.17346938775510204,4.0,2.2,2.0,1,-0.4,-0.2653061224489796,0.0,0.021739130434782594,1084,0.4130261947811034,0.5869738052188966,0.4782608695652174
2026-05-11,MIN,COL,128,-153,2,5,0,Colorado Avalanche highest moneyline this season,statmuse,0.43859649122807015,0.6047430830039525,0.42037750897248444,2.2800000000000002,1.65359477124183,97.0,0.5567010309278351,0.6,3.3195876288659796,2.9690721649484537,0.35051546391752575,4.4,3.8,2.0,95.0,0.6842105263157895,0.8,3.6736842105263157,2.442105263157895,1.231578947368421,4.8,3.2,2.0,0,-0.20000000000000007,-0.8810634834508954,0.0,-0.07962249102751556,1085,0.5848842243497638,0.41511577565023616,0.5796224910275156
2026-05-12,MTL,BUF,-150,125,2,3,0,Buffalo Sabres highest moneyline this season,statmuse,0.6,0.4444444444444444,0.574468085106383,1.6666666666666665,2.25,98.0,0.5918367346938775,0.6,3.36734693877551,2.989795918367347,0.37755102040816324,3.0,1.8,2.0,97.0,0.5979381443298969,0.4,3.4536082474226806,2.9278350515463916,0.5257731958762887,2.4,3.2,2.0,1,0.19999999999999996,-0.14822217546812544,0.0,0.07446808510638303,1086,0.5747150885911422,0.4252849114088578,0.42553191489361697
2026-05-12,VGK,ANA,-170,141,3,2,1,Anaheim Ducks highest moneyline this season,statmuse,0.6296296296296297,0.4149377593360996,0.602765926143887,1.5882352941176472,2.41,99.0,0.48484848484848486,0.6,3.1515151515151514,2.98989898989899,0.16161616161616163,3.6,2.2,2.0,99.0,0.5353535353535354,0.6,3.3636363636363638,3.4444444444444446,-0.08080808080808081,3.0,3.0,2.0,1,0.0,0.24242424242424243,0.0,0.10276592614388702,1086,0.5853957164945855,0.41460428350541445,0.397234073856113
2026-05-13,COL,MIN,-227,187,4,3,1,Minnesota Wild highest moneyline this season,statmuse,0.6941896024464832,0.34843205574912894,0.665811607681223,1.4405286343612334,2.87,96.0,0.6875,0.8,3.6875,2.4375,1.25,5.0,3.2,2.0,98.0,0.5510204081632653,0.4,3.306122448979592,2.989795918367347,0.3163265306122449,4.0,4.4,2.0,1,0.4,0.9336734693877551,0.0,0.16581160768122305,1088,0.6547425254210852,0.34525747457891476,0.33418839231877695
2026-05-14,ANA,VGK,-125,106,1,5,0,Vegas Golden Knights highest moneyline this season,statmuse,0.5555555555555556,0.4854368932038835,0.533678756476684,1.8,2.06,100.0,0.53,0.4,3.35,3.44,-0.09,2.4,3.2,2.0,100.0,0.49,0.6,3.15,2.98,0.17,3.2,2.4,2.0,1,-0.19999999999999996,-0.26,0.0,0.033678756476683946,1089,0.49751734985843804,0.502482650141562,0.46632124352331605
2026-05-16,MTL,BUF,-174,145,3,8,0,Buffalo Sabres highest moneyline this season,statmuse,0.635036496350365,0.40816326530612246,0.6087391118092246,1.5747126436781609,2.45,100.0,0.59,0.6,3.38,2.99,0.39,4.2,2.6,2.0,99.0,0.5959595959595959,0.4,3.4444444444444446,2.9494949494949494,0.494949494949495,2.6,4.2,2.0,1,0.19999999999999996,-0.10494949494949496,0.0,0.10873911180922458,1090,0.7240013959789535,0.2759986040210465,0.3912608881907754
2026-05-20,COL,VGK,-172,142,2,4,0,Vegas Golden Knights highest moneyline this season,statmuse,0.6323529411764706,0.4132231404958678,0.6047890270835755,1.5813953488372094,2.42,97.0,0.6907216494845361,0.8,3.6907216494845363,2.443298969072165,1.2474226804123711,4.8,3.6,7.0,101.0,0.49504950495049505,0.6,3.1683168316831685,2.9603960396039604,0.2079207920792079,3.6,2.4,6.0,1,0.20000000000000007,1.0395018883331633,1.0,0.10478902708357551,1091,0.5988725038342007,0.40112749616579935,0.3952109729164245
2026-05-21,CAR,MTL,-214,173,2,6,0,Carolina Hurricanes lowest moneyline this season,statmuse,0.6815286624203821,0.3663003663003663,0.6504197189997997,1.4672897196261683,2.73,96.0,0.6458333333333334,1.0,3.5104166666666665,2.8229166666666665,0.6875,3.4,1.4,12.0,102.0,0.5882352941176471,0.6,3.372549019607843,3.0294117647058822,0.3431372549019608,4.0,3.6,3.0,1,0.4,0.3443627450980392,9.0,0.15041971899979967,1092,0.6940950528232086,0.3059049471767914,0.34958028100020033
2026-05-22,COL,VGK,-189,158,1,3,0,Vegas Golden Knights highest moneyline this season,statmuse,0.6539792387543253,0.3875968992248062,0.6278746362442379,1.529100529100529,2.58,98.0,0.6836734693877551,0.6,3.673469387755102,2.4591836734693877,1.2142857142857142,3.4,3.2,2.0,102.0,0.5,0.8,3.176470588235294,2.950980392156863,0.22549019607843138,4.2,2.2,2.0,1,-0.20000000000000007,0.9887955182072828,0.0,0.1278746362442379,1093,0.5794509599168528,0.4205490400831472,0.3721253637557621
2026-05-23,CAR,MTL,-210,174,3,2,1,Carolina Hurricanes lowest moneyline this season,statmuse,0.6774193548387096,0.36496350364963503,0.6498757623672915,1.4761904761904763,2.74,97.0,0.6391752577319587,0.8,3.4948453608247423,2.8556701030927836,0.6391752577319587,3.0,2.2,2.0,103.0,0.5922330097087378,0.6,3.3980582524271843,3.0194174757281553,0.3786407766990291,4.0,3.6,2.0,1,0.20000000000000007,0.2605344810329296,0.0,0.1498757623672915,1094,0.5754744579341808,0.42452554206581916,0.3501242376327085
2026-05-24,VGK,COL,128,-155,5,3,1,Vegas Golden Knights highest moneyline this season,statmuse,0.43859649122807015,0.6078431372549019,0.4191321499013807,2.2800000000000002,1.6451612903225805,103.0,0.5048543689320388,0.8,3.174757281553398,2.9320388349514563,0.24271844660194175,3.6,2.0,2.0,99.0,0.6767676767676768,0.4,3.6464646464646466,2.4646464646464645,1.1818181818181819,2.6,3.4,2.0,0,0.4,-0.9390997352162401,0.0,-0.0808678500986193,1095,0.24473710686704195,0.755262893132958,0.5808678500986193
2026-05-25,MTL,CAR,128,-156,2,3,0,Montreal Canadiens highest moneyline this season,statmuse,0.43859649122807015,0.609375,0.418519487313628,2.2800000000000002,1.641025641025641,104.0,0.5865384615384616,0.6,3.3846153846153846,3.019230769230769,0.36538461538461536,4.0,3.6,2.0,98.0,0.6428571428571429,0.8,3.489795918367347,2.8469387755102042,0.6428571428571429,3.0,2.6,2.0,0,-0.20000000000000007,-0.27747252747252754,0.0,-0.08148051268637202,1096,0.47564621719614847,0.5243537828038516,0.581480512686372
2026-05-26,VGK,COL,-109,-112,2,1,1,Colorado Avalanche highest moneyline this season,statmuse,0.5215311004784688,0.5283018867924528,0.49677530312150653,1.9174311926605505,1.8928571428571428,104.0,0.5096153846153846,1.0,3.1923076923076925,2.9326923076923075,0.25961538461538464,4.0,1.8,2.0,100.0,0.67,0.4,3.64,2.49,1.15,3.0,3.4,2.0,0,0.6,-0.8903846153846153,0.0,-0.0032246968784934715,1097,0.4951723221149398,0.5048276778850602,0.5032246968784935
2026-05-27,MTL,CAR,127,-152,0,4,0,Montreal Canadiens highest moneyline this season,statmuse,0.44052863436123346,0.6031746031746031,0.4220822725445531,2.27,1.6578947368421053,105.0,0.580952380952381,0.4,3.3714285714285714,3.019047619047619,0.3523809523809524,3.2,3.6,2.0,99.0,0.6464646464646465,0.8,3.484848484848485,2.8383838383838382,0.6464646464646465,3.0,2.6,2.0,0,-0.4,-0.2940836940836941,0.0,-0.0779177274554469,1098,0.3780771538395145,0.6219228461604855,0.5779177274554469
2026-05-29,CAR,MTL,-261,209,6,1,1,Carolina Hurricanes lowest moneyline this season,statmuse,0.7229916897506925,0.32362459546925565,0.6907896427378394,1.3831417624521074,3.09,100.0,0.65,0.8,3.49,2.81,0.68,3.0,2.4,2.0,106.0,0.5754716981132075,0.4,3.339622641509434,3.0283018867924527,0.3113207547169811,2.6,2.8,2.0,1,0.4,0.36867924528301893,0.0,0.19078964273783938,1099,0.8084308354890157,0.19156916451098427,0.3092103572621606
