game_id,game_date,game_type,away_team,home_team,away_score,home_score,home_win
2025010101,2025-09-20,1,STL,DAL,1,2,1
2025010001,2025-09-21,1,ANA,LAK,1,3,1
2025010002,2025-09-21,1,CGY,EDM,3,2,0
2025010003,2025-09-21,1,EDM,CGY,3,0,0
2025010004,2025-09-21,1,FLA,NSH,0,5,1
2025010005,2025-09-21,1,FLA,NSH,3,5,1
2025010006,2025-09-21,1,MIN,WPG,3,2,0
2025010007,2025-09-21,1,NYR,NJD,5,3,0
2025010008,2025-09-21,1,PHI,NYI,3,2,0
2025010009,2025-09-21,1,STL,CBJ,1,4,1
2025010010,2025-09-21,1,TOR,OTT,4,3,0
2025010011,2025-09-21,1,VAN,SEA,3,5,1
2025010012,2025-09-21,1,VGK,SJS,0,3,1
2025010013,2025-09-21,1,WSH,BOS,5,2,0
2025010103,2025-09-21,1,COL,UTA,5,1,0
2025010104,2025-09-21,1,UTA,COL,2,3,1
2025010014,2025-09-22,1,BUF,CBJ,4,0,0
2025010015,2025-09-22,1,PIT,MTL,1,2,1
2025010016,2025-09-22,1,TBL,CAR,2,1,0
2025010017,2025-09-22,1,UTA,ANA,1,6,1
2025010018,2025-09-23,1,BOS,NYR,5,4,0
2025010019,2025-09-23,1,CHI,DET,2,3,1
2025010020,2025-09-23,1,CBJ,BUF,1,2,1
2025010021,2025-09-23,1,MIN,DAL,2,3,1
2025010022,2025-09-23,1,EDM,WPG,3,2,0
2025010023,2025-09-23,1,LAK,VGK,3,1,0
2025010024,2025-09-23,1,NYI,NJD,2,6,1
2025010025,2025-09-23,1,OTT,TOR,3,2,0
2025010026,2025-09-23,1,PHI,MTL,2,4,1
2025010027,2025-09-23,1,SEA,CGY,1,4,1
2025010028,2025-09-23,1,TBL,NSH,3,2,0
2025010029,2025-09-24,1,CGY,VAN,1,3,1
2025010030,2025-09-24,1,FLA,CAR,4,2,0
2025010031,2025-09-24,1,LAK,ANA,3,0,0
2025010032,2025-09-24,1,PIT,CBJ,1,4,1
2025010033,2025-09-24,1,SEA,EDM,4,1,0
2025010034,2025-09-25,1,BUF,DET,2,5,1
2025010035,2025-09-25,1,NYI,NYR,5,4,0
2025010036,2025-09-25,1,PHI,WSH,1,5,1
2025010037,2025-09-25,1,TOR,MTL,7,2,0
2025010038,2025-09-25,1,DAL,MIN,5,2,0
2025010039,2025-09-25,1,UTA,VGK,2,3,1
2025010040,2025-09-26,1,CAR,TBL,5,6,1
2025010041,2025-09-26,1,DET,PIT,2,3,1
2025010042,2025-09-26,1,NJD,NYI,4,2,0
2025010043,2025-09-26,1,SEA,VAN,2,4,1
2025010044,2025-09-26,1,VGK,SJS,2,1,0
2025010045,2025-09-26,1,WPG,EDM,0,4,1
2025010046,2025-09-27,1,ANA,LAK,5,3,0
2025010047,2025-09-27,1,BOS,PHI,4,3,0
2025010048,2025-09-27,1,CHI,STL,4,2,0
2025010049,2025-09-27,1,CGY,WPG,2,4,1
2025010050,2025-09-27,1,CBJ,PIT,1,4,1
2025010051,2025-09-27,1,DAL,COL,1,4,1
2025010052,2025-09-27,1,DET,BUF,2,5,1
2025010053,2025-09-27,1,MTL,TOR,4,2,0
2025010054,2025-09-27,1,NSH,TBL,1,4,1
2025010055,2025-09-28,1,NSH,CAR,2,4,1
2025010056,2025-09-28,1,NJD,OTT,0,2,1
2025010057,2025-09-28,1,CHI,MIN,4,1,0
2025010058,2025-09-28,1,VAN,EDM,3,4,1
2025010059,2025-09-28,1,WSH,NJD,3,2,0
2025010060,2025-09-29,1,CGY,SEA,2,1,0
2025010061,2025-09-29,1,CAR,FLA,3,4,1
2025010062,2025-09-29,1,NYR,NYI,3,2,0
2025010063,2025-09-29,1,PHI,BOS,3,2,0
2025010064,2025-09-29,1,PIT,DET,2,1,0
2025010065,2025-09-29,1,SJS,ANA,2,3,1
2025010066,2025-09-30,1,DET,CHI,3,1,0
2025010067,2025-09-30,1,FLA,TBL,2,3,1
2025010068,2025-09-30,1,LAK,UTA,3,2,0
2025010069,2025-09-30,1,MTL,OTT,5,0,0
2025010070,2025-09-30,1,VGK,COL,2,4,1
2025010071,2025-09-30,1,WSH,CBJ,4,3,0
2025010072,2025-09-30,1,WPG,MIN,2,3,1
2025010102,2025-09-30,1,DAL,STL,5,3,0
2025010073,2025-10-01,1,ANA,SJS,5,2,0
2025010074,2025-10-01,1,COL,VGK,1,2,1
2025010075,2025-10-01,1,EDM,SEA,2,4,1
2025010076,2025-10-01,1,PIT,BUF,5,3,0
2025010077,2025-10-01,1,VAN,CGY,8,1,0
2025010078,2025-10-02,1,BOS,WSH,3,1,0
2025010079,2025-10-02,1,DET,TOR,3,1,0
2025010080,2025-10-02,1,FLA,TBL,2,5,1
2025010081,2025-10-02,1,LAK,UTA,1,2,1
2025010082,2025-10-02,1,NJD,NYR,3,1,0
2025010083,2025-10-02,1,NYI,PHI,4,3,0
2025010084,2025-10-02,1,OTT,STL,1,7,1
2025010085,2025-10-03,1,BUF,PIT,4,5,1
2025010086,2025-10-03,1,MIN,CHI,3,2,0
2025010087,2025-10-03,1,EDM,VAN,2,3,1
2025010088,2025-10-03,1,SJS,VGK,4,1,0
2025010089,2025-10-03,1,WPG,CGY,5,4,0
2025010090,2025-10-04,1,ANA,LAK,4,5,1
2025010091,2025-10-04,1,CAR,NSH,2,3,1
2025010092,2025-10-04,1,COL,DAL,2,3,1
2025010093,2025-10-04,1,CBJ,WSH,1,2,1
2025010094,2025-10-04,1,NJD,PHI,3,4,1
2025010095,2025-10-04,1,NYR,BOS,1,4,1
2025010096,2025-10-04,1,OTT,MTL,3,1,0
2025010097,2025-10-04,1,STL,CHI,4,0,0
2025010098,2025-10-04,1,SJS,UTA,4,6,1
2025010099,2025-10-04,1,TBL,FLA,0,7,1
2025010100,2025-10-04,1,TOR,DET,5,6,1
2025020001,2025-10-07,2,CHI,FLA,2,3,1
2025020002,2025-10-07,2,PIT,NYR,3,0,0
2025020003,2025-10-07,2,COL,LAK,4,1,0
2025020004,2025-10-08,2,MTL,TOR,2,5,1
2025020005,2025-10-08,2,BOS,WSH,3,1,0
2025020006,2025-10-08,2,CGY,EDM,4,3,0
2025020007,2025-10-08,2,LAK,VGK,6,5,0
2025020008,2025-10-09,2,CHI,BOS,3,4,1
2025020009,2025-10-09,2,NYR,BUF,4,0,0
2025020010,2025-10-09,2,MTL,DET,5,1,0
2025020011,2025-10-09,2,OTT,TBL,5,4,0
2025020012,2025-10-09,2,PHI,FLA,1,2,1
2025020013,2025-10-09,2,NYI,PIT,3,4,1
2025020014,2025-10-09,2,NJD,CAR,3,6,1
2025020015,2025-10-09,2,MIN,STL,5,0,0
2025020016,2025-10-09,2,CBJ,NSH,1,2,1
2025020017,2025-10-09,2,DAL,WPG,5,4,0
2025020018,2025-10-09,2,UTA,COL,1,2,1
2025020019,2025-10-09,2,CGY,VAN,1,5,1
2025020020,2025-10-09,2,VGK,SJS,4,3,0
2025020021,2025-10-09,2,ANA,SEA,1,3,1
2025020022,2025-10-11,2,LAK,WPG,2,3,1
2025020023,2025-10-11,2,STL,CGY,4,2,0
2025020024,2025-10-11,2,BUF,BOS,1,3,1
2025020025,2025-10-11,2,TOR,DET,3,6,1
2025020026,2025-10-11,2,NJD,TBL,5,3,0
2025020027,2025-10-11,2,OTT,FLA,2,6,1
2025020028,2025-10-11,2,WSH,NYI,4,2,0
2025020029,2025-10-11,2,NYR,PIT,6,1,0
2025020030,2025-10-11,2,PHI,CAR,3,4,1
2025020031,2025-10-11,2,MTL,CHI,3,2,0
2025020032,2025-10-11,2,UTA,NSH,3,2,0
2025020033,2025-10-11,2,CBJ,MIN,7,4,0
2025020034,2025-10-11,2,DAL,COL,5,4,0
2025020035,2025-10-11,2,VAN,EDM,1,3,1
2025020036,2025-10-11,2,ANA,SJS,7,6,0
2025020037,2025-10-11,2,VGK,SEA,1,2,1
2025020038,2025-10-12,2,WSH,NYR,1,0,0
2025020039,2025-10-13,2,COL,BUF,3,1,0
2025020040,2025-10-13,2,TBL,BOS,4,3,0
2025020041,2025-10-13,2,NSH,OTT,4,1,0
2025020042,2025-10-13,2,WPG,NYI,5,2,0
2025020043,2025-10-13,2,DET,TOR,3,2,0
2025020044,2025-10-13,2,FLA,PHI,2,5,1
2025020045,2025-10-13,2,NJD,CBJ,3,2,0
2025020046,2025-10-13,2,STL,VAN,5,2,0
2025020047,2025-10-13,2,LAK,MIN,3,4,1
2025020048,2025-10-13,2,UTA,CHI,1,3,1
2025020049,2025-10-14,2,NSH,TOR,4,7,1
2025020050,2025-10-14,2,SEA,MTL,4,5,1
2025020051,2025-10-14,2,EDM,NYR,2,0,0
2025020052,2025-10-14,2,TBL,WSH,2,3,1
2025020053,2025-10-14,2,VGK,CGY,4,2,0
2025020054,2025-10-14,2,MIN,DAL,2,5,1
2025020055,2025-10-14,2,CAR,SJS,5,1,0
2025020056,2025-10-14,2,PIT,ANA,3,4,1
2025020057,2025-10-15,2,OTT,BUF,4,8,1
2025020058,2025-10-15,2,FLA,DET,1,4,1
2025020059,2025-10-15,2,CHI,STL,8,3,0
2025020060,2025-10-15,2,CGY,UTA,1,3,1
2025020061,2025-10-16,2,NYR,TOR,1,2,1
2025020062,2025-10-16,2,NSH,MTL,2,3,1
2025020063,2025-10-16,2,SEA,OTT,3,4,1
2025020064,2025-10-16,2,FLA,NJD,1,3,1
2025020065,2025-10-16,2,EDM,NYI,2,4,1
2025020066,2025-10-16,2,WPG,PHI,5,2,0
2025020067,2025-10-16,2,COL,CBJ,4,1,0
2025020068,2025-10-16,2,VAN,DAL,5,3,0
2025020069,2025-10-16,2,BOS,VGK,5,6,1
2025020070,2025-10-16,2,CAR,ANA,4,1,0
2025020071,2025-10-16,2,PIT,LAK,4,2,0
2025020072,2025-10-17,2,TBL,DET,1,2,1
2025020073,2025-10-17,2,MIN,WSH,1,5,1
2025020074,2025-10-17,2,VAN,CHI,3,2,0
2025020075,2025-10-17,2,SJS,UTA,3,6,1
2025020076,2025-10-18,2,FLA,BUF,0,3,1
2025020077,2025-10-18,2,NYI,OTT,5,4,0
2025020078,2025-10-18,2,EDM,NJD,3,5,1
2025020079,2025-10-18,2,SEA,TOR,4,3,0
2025020080,2025-10-18,2,NYR,MTL,4,3,0
2025020081,2025-10-18,2,MIN,PHI,1,2,1
2025020082,2025-10-18,2,TBL,CBJ,2,3,1
2025020083,2025-10-18,2,DAL,STL,1,3,1
2025020084,2025-10-18,2,NSH,WPG,1,4,1
2025020085,2025-10-18,2,BOS,COL,1,4,1
2025020086,2025-10-18,2,CAR,LAK,4,3,0
2025020087,2025-10-18,2,CGY,VGK,1,6,1
2025020088,2025-10-18,2,PIT,SJS,3,0,0
2025020089,2025-10-19,2,VAN,WSH,4,3,0
2025020090,2025-10-19,2,EDM,DET,2,4,1
2025020091,2025-10-19,2,ANA,CHI,1,2,1
2025020092,2025-10-19,2,BOS,UTA,2,3,1
2025020093,2025-10-20,2,MIN,NYR,3,1,0
2025020094,2025-10-20,2,SEA,PHI,2,5,1
2025020095,2025-10-20,2,BUF,MTL,2,4,1
2025020096,2025-10-20,2,WPG,CGY,2,1,0
2025020097,2025-10-20,2,CAR,VGK,1,4,1
2025020098,2025-10-21,2,NJD,TOR,5,2,0
2025020099,2025-10-21,2,EDM,OTT,3,2,0
2025020100,2025-10-21,2,SJS,NYI,3,4,1
2025020101,2025-10-21,2,VAN,PIT,1,5,1
2025020102,2025-10-21,2,SEA,WSH,1,4,1
2025020103,2025-10-21,2,FLA,BOS,4,3,0
2025020104,2025-10-21,2,LAK,STL,2,1,0
2025020105,2025-10-21,2,ANA,NSH,5,2,0
2025020106,2025-10-21,2,CBJ,DAL,5,1,0
2025020107,2025-10-21,2,COL,UTA,3,4,1
2025020108,2025-10-22,2,MIN,NJD,1,4,1
2025020109,2025-10-22,2,DET,BUF,2,4,1
2025020110,2025-10-22,2,MTL,CGY,2,1,0
2025020111,2025-10-23,2,ANA,BOS,7,5,0
2025020112,2025-10-23,2,PHI,OTT,1,2,1
2025020113,2025-10-23,2,CHI,TBL,3,2,0
2025020114,2025-10-23,2,PIT,FLA,5,3,0
2025020115,2025-10-23,2,DET,NYI,2,7,1
2025020116,2025-10-23,2,SJS,NYR,6,5,0
2025020117,2025-10-23,2,UTA,STL,7,4,0
2025020118,2025-10-23,2,VAN,NSH,1,2,1
2025020119,2025-10-23,2,LAK,DAL,3,2,0
2025020120,2025-10-23,2,SEA,WPG,3,0,0
2025020121,2025-10-23,2,CAR,COL,5,4,0
2025020122,2025-10-23,2,MTL,EDM,5,6,1
2025020123,2025-10-24,2,TOR,BUF,3,5,1
2025020124,2025-10-24,2,SJS,NJD,1,3,1
2025020125,2025-10-24,2,WSH,CBJ,5,1,0
2025020126,2025-10-24,2,CGY,WPG,3,5,1
2025020127,2025-10-25,2,NYI,PHI,3,4,1
2025020128,2025-10-25,2,COL,BOS,2,3,1
2025020129,2025-10-25,2,ANA,TBL,3,4,1
2025020130,2025-10-25,2,VGK,FLA,0,3,1
2025020131,2025-10-25,2,UTA,MIN,6,2,0
2025020132,2025-10-25,2,BUF,TOR,3,4,1
2025020133,2025-10-25,2,STL,DET,4,6,1
2025020134,2025-10-25,2,CBJ,PIT,5,4,0
2025020135,2025-10-25,2,OTT,WSH,7,1,0
2025020136,2025-10-25,2,MTL,VAN,4,3,0
2025020137,2025-10-25,2,LAK,NSH,4,5,1
2025020138,2025-10-25,2,CAR,DAL,2,3,1
2025020139,2025-10-25,2,EDM,SEA,2,3,1
2025020140,2025-10-26,2,COL,NJD,3,4,1
2025020141,2025-10-26,2,VGK,TBL,1,2,1
2025020142,2025-10-26,2,SJS,MIN,6,5,0
2025020143,2025-10-26,2,UTA,WPG,3,2,0
2025020144,2025-10-26,2,LAK,CHI,3,1,0
2025020145,2025-10-26,2,DAL,NSH,3,2,0
2025020146,2025-10-26,2,NYR,CGY,1,5,1
2025020147,2025-10-26,2,EDM,VAN,3,4,1
2025020148,2025-10-27,2,STL,PIT,3,6,1
2025020149,2025-10-27,2,BOS,OTT,2,7,1
2025020150,2025-10-28,2,PIT,PHI,2,3,1
2025020151,2025-10-28,2,CGY,TOR,3,4,1
2025020152,2025-10-28,2,CBJ,BUF,4,3,0
2025020153,2025-10-28,2,ANA,FLA,3,2,0
2025020154,2025-10-28,2,NYI,BOS,2,5,1
2025020155,2025-10-28,2,VGK,CAR,6,3,0
2025020156,2025-10-28,2,TBL,NSH,5,2,0
2025020157,2025-10-28,2,WPG,MIN,4,3,0
2025020158,2025-10-28,2,DET,STL,5,2,0
2025020159,2025-10-28,2,WSH,DAL,0,1,1
2025020160,2025-10-28,2,OTT,CHI,3,7,1
2025020161,2025-10-28,2,NJD,COL,4,8,1
2025020162,2025-10-28,2,UTA,EDM,3,6,1
2025020163,2025-10-28,2,NYR,VAN,2,0,0
2025020164,2025-10-28,2,MTL,SEA,4,3,0
2025020165,2025-10-28,2,LAK,SJS,4,3,0
2025020166,2025-10-29,2,TOR,CBJ,3,6,1
2025020167,2025-10-30,2,BUF,BOS,3,4,1
2025020168,2025-10-30,2,CGY,OTT,3,4,1
2025020169,2025-10-30,2,DAL,TBL,1,2,1
2025020170,2025-10-30,2,NSH,PHI,1,4,1
2025020171,2025-10-30,2,NYI,CAR,2,6,1
2025020172,2025-10-30,2,VAN,STL,4,3,0
2025020173,2025-10-30,2,PIT,MIN,4,1,0
2025020174,2025-10-30,2,CHI,WPG,3,6,1
2025020175,2025-10-30,2,NYR,EDM,4,3,0
2025020176,2025-10-30,2,NJD,SJS,2,5,1
2025020177,2025-10-30,2,DET,LAK,4,3,0
2025020178,2025-10-31,2,COL,VGK,4,2,0
2025020179,2025-10-31,2,NYI,WSH,3,1,0
2025020180,2025-10-31,2,DET,ANA,2,5,1
2025020181,2025-11-01,2,CAR,BOS,1,2,1
2025020182,2025-11-01,2,PIT,WPG,2,5,1
2025020183,2025-11-01,2,CGY,NSH,2,4,1
2025020184,2025-11-01,2,COL,SJS,2,3,1
2025020185,2025-11-01,2,DAL,FLA,3,4,1
2025020186,2025-11-01,2,WSH,BUF,3,4,1
2025020187,2025-11-01,2,OTT,MTL,3,4,1
2025020188,2025-11-01,2,TOR,PHI,5,2,0
2025020189,2025-11-01,2,STL,CBJ,2,3,1
2025020190,2025-11-01,2,VAN,MIN,2,5,1
2025020191,2025-11-01,2,NJD,LAK,4,1,0
2025020192,2025-11-01,2,CHI,EDM,2,3,1
2025020193,2025-11-01,2,NYR,SEA,3,2,0
2025020194,2025-11-02,2,TBL,UTA,4,2,0
2025020195,2025-11-02,2,CBJ,NYI,2,3,1
2025020196,2025-11-02,2,CGY,PHI,2,1,0
2025020197,2025-11-02,2,NJD,ANA,1,4,1
2025020198,2025-11-02,2,DET,SJS,3,2,0
2025020199,2025-11-03,2,PIT,TOR,3,4,1
2025020200,2025-11-03,2,EDM,STL,2,3,1
2025020201,2025-11-03,2,VAN,NSH,5,4,0
2025020202,2025-11-03,2,CHI,SEA,1,3,1
2025020203,2025-11-04,2,UTA,BUF,2,1,0
2025020204,2025-11-04,2,PHI,MTL,5,4,0
2025020205,2025-11-04,2,BOS,NYI,4,3,0
2025020206,2025-11-04,2,CAR,NYR,3,0,0
2025020207,2025-11-04,2,EDM,DAL,3,4,1
2025020208,2025-11-04,2,NSH,MIN,2,3,1
2025020209,2025-11-04,2,TBL,COL,2,3,1
2025020210,2025-11-04,2,DET,VGK,0,1,1
2025020211,2025-11-04,2,FLA,ANA,3,7,1
2025020212,2025-11-04,2,WPG,LAK,0,3,1
2025020213,2025-11-05,2,UTA,TOR,3,5,1
2025020214,2025-11-05,2,STL,WSH,1,6,1
2025020215,2025-11-05,2,CBJ,CGY,1,5,1
2025020216,2025-11-05,2,CHI,VAN,5,2,0
2025020217,2025-11-05,2,SJS,SEA,6,1,0
2025020218,2025-11-06,2,OTT,BOS,2,3,1
2025020219,2025-11-06,2,STL,BUF,3,0,0
2025020220,2025-11-06,2,MTL,NJD,3,4,1
2025020221,2025-11-06,2,WSH,PIT,3,5,1
2025020222,2025-11-06,2,MIN,CAR,3,4,1
2025020223,2025-11-06,2,PHI,NSH,3,1,0
2025020224,2025-11-06,2,ANA,DAL,7,5,0
2025020225,2025-11-06,2,TBL,VGK,6,3,0
2025020226,2025-11-06,2,FLA,LAK,5,2,0
2025020227,2025-11-07,2,NYR,DET,4,1,0
2025020228,2025-11-07,2,MIN,NYI,5,2,0
2025020229,2025-11-07,2,CHI,CGY,4,0,0
2025020230,2025-11-07,2,WPG,SJS,1,2,1
2025020231,2025-11-08,2,PIT,NJD,1,2,1
2025020232,2025-11-08,2,OTT,PHI,3,2,0
2025020233,2025-11-08,2,DAL,NSH,5,4,0
2025020234,2025-11-08,2,BOS,TOR,5,3,0
2025020235,2025-11-08,2,UTA,MTL,2,6,1
2025020236,2025-11-08,2,WSH,TBL,2,3,1
2025020237,2025-11-08,2,NYI,NYR,5,0,0
2025020238,2025-11-08,2,BUF,CAR,3,6,1
2025020239,2025-11-08,2,SEA,STL,4,3,0
2025020240,2025-11-08,2,COL,EDM,9,1,0
2025020241,2025-11-08,2,CBJ,VAN,3,4,1
2025020242,2025-11-08,2,ANA,VGK,4,3,0
2025020243,2025-11-08,2,FLA,SJS,1,3,1
2025020244,2025-11-09,2,CHI,DET,5,1,0
2025020245,2025-11-09,2,LAK,PIT,3,2,0
2025020246,2025-11-09,2,CAR,TOR,5,4,0
2025020247,2025-11-09,2,UTA,OTT,2,4,1
2025020248,2025-11-09,2,SEA,DAL,1,2,1
2025020249,2025-11-09,2,CGY,MIN,0,2,1
2025020250,2025-11-09,2,COL,VAN,5,4,0
2025020251,2025-11-09,2,WPG,ANA,1,4,1
2025020252,2025-11-10,2,NYI,NJD,3,2,0
2025020253,2025-11-10,2,NSH,NYR,3,6,1
2025020254,2025-11-10,2,CBJ,EDM,4,5,1
2025020255,2025-11-10,2,FLA,VGK,3,2,0
2025020256,2025-11-11,2,TOR,BOS,3,5,1
2025020257,2025-11-11,2,LAK,MTL,5,1,0
2025020258,2025-11-11,2,DAL,OTT,3,2,0
2025020259,2025-11-11,2,WSH,CAR,4,1,0
2025020260,2025-11-11,2,CGY,STL,2,3,1
2025020261,2025-11-11,2,SJS,MIN,2,1,0
2025020262,2025-11-11,2,ANA,COL,1,4,1
2025020263,2025-11-11,2,WPG,VAN,5,3,0
2025020264,2025-11-11,2,CBJ,SEA,2,1,0
2025020265,2025-11-12,2,NYR,TBL,7,3,0
2025020266,2025-11-12,2,EDM,PHI,2,1,0
2025020267,2025-11-12,2,BUF,UTA,2,5,1
2025020268,2025-11-12,2,NJD,CHI,4,3,0
2025020269,2025-11-13,2,LAK,TOR,4,3,0
2025020270,2025-11-13,2,DAL,MTL,7,0,0
2025020271,2025-11-13,2,BOS,OTT,3,5,1
2025020272,2025-11-13,2,ANA,DET,3,6,1
2025020273,2025-11-13,2,WSH,FLA,3,6,1
2025020274,2025-11-13,2,EDM,CBJ,4,5,1
2025020275,2025-11-13,2,BUF,COL,3,6,1
2025020276,2025-11-13,2,SJS,CGY,0,2,1
2025020277,2025-11-13,2,NYI,VGK,4,3,0
2025020278,2025-11-13,2,WPG,SEA,3,5,1
2025020279,2025-11-14,2,VAN,CAR,3,4,1
2025020280,2025-11-14,2,PHI,STL,6,5,0
2025020281,2025-11-14,2,PIT,NSH,1,2,1
2025020282,2025-11-14,2,NYI,UTA,3,2,0
2025020283,2025-11-15,2,TBL,FLA,3,1,0
2025020284,2025-11-15,2,ANA,MIN,0,2,1
2025020285,2025-11-15,2,BOS,MTL,3,2,0
2025020286,2025-11-15,2,LAK,OTT,1,0,0
2025020287,2025-11-15,2,BUF,DET,5,4,0
2025020288,2025-11-15,2,NJD,WSH,3,2,0
2025020289,2025-11-15,2,EDM,CAR,4,3,0
2025020290,2025-11-15,2,NYR,CBJ,2,1,0
2025020291,2025-11-15,2,TOR,CHI,2,3,1
2025020292,2025-11-15,2,VGK,STL,4,1,0
2025020293,2025-11-15,2,PHI,DAL,1,5,1
2025020294,2025-11-15,2,WPG,CGY,4,3,0
2025020295,2025-11-15,2,SJS,SEA,1,4,1
2025020296,2025-11-16,2,NSH,PIT,0,4,1
2025020297,2025-11-16,2,VAN,TBL,6,2,0
2025020298,2025-11-16,2,VGK,MIN,2,3,1
2025020299,2025-11-16,2,DET,NYR,2,1,0
2025020300,2025-11-16,2,NYI,COL,1,4,1
2025020301,2025-11-17,2,CAR,BOS,3,1,0
2025020302,2025-11-17,2,EDM,BUF,1,5,1
2025020303,2025-11-17,2,VAN,FLA,5,8,1
2025020304,2025-11-17,2,LAK,WSH,1,2,1
2025020305,2025-11-17,2,MTL,CBJ,3,4,1
2025020306,2025-11-17,2,UTA,ANA,2,3,1
2025020307,2025-11-18,2,STL,TOR,2,3,1
2025020308,2025-11-18,2,SEA,DET,2,4,1
2025020309,2025-11-18,2,NJD,TBL,1,5,1
2025020310,2025-11-18,2,NYI,DAL,3,2,0
2025020311,2025-11-18,2,CBJ,WPG,2,5,1
2025020312,2025-11-18,2,CGY,CHI,2,5,1
2025020313,2025-11-18,2,NYR,VGK,2,3,1
2025020314,2025-11-18,2,UTA,SJS,2,3,1
2025020315,2025-11-19,2,EDM,WSH,4,7,1
2025020316,2025-11-19,2,CGY,BUF,6,2,0
2025020317,2025-11-19,2,CAR,MIN,3,4,1
2025020318,2025-11-19,2,BOS,ANA,3,4,1
2025020319,2025-11-20,2,CBJ,TOR,3,2,0
2025020320,2025-11-20,2,WSH,MTL,8,4,0
2025020321,2025-11-20,2,NYI,DET,5,0,0
2025020322,2025-11-20,2,EDM,TBL,1,2,1
2025020323,2025-11-20,2,NJD,FLA,0,1,1
2025020324,2025-11-20,2,STL,PHI,2,3,1
2025020325,2025-11-20,2,SEA,CHI,3,2,0
2025020326,2025-11-20,2,NYR,COL,3,6,1
2025020327,2025-11-20,2,VGK,UTA,4,1,0
2025020328,2025-11-20,2,DAL,VAN,4,2,0
2025020329,2025-11-20,2,OTT,ANA,3,2,0
2025020330,2025-11-20,2,LAK,SJS,3,4,1
2025020331,2025-11-21,2,CHI,BUF,3,9,1
2025020332,2025-11-21,2,MIN,PIT,5,0,0
2025020333,2025-11-21,2,CAR,WPG,4,3,0
2025020334,2025-11-21,2,BOS,LAK,2,1,0
2025020335,2025-11-22,2,CBJ,DET,3,4,1
2025020336,2025-11-22,2,STL,NYI,2,1,0
2025020337,2025-11-22,2,TOR,MTL,2,5,1
2025020338,2025-11-22,2,EDM,FLA,6,3,0
2025020339,2025-11-22,2,NJD,PHI,3,6,1
2025020340,2025-11-22,2,SEA,PIT,3,2,0
2025020341,2025-11-22,2,TBL,WSH,5,3,0
2025020342,2025-11-22,2,OTT,SJS,3,2,0
2025020343,2025-11-22,2,COL,NSH,3,0,0
2025020344,2025-11-22,2,NYR,UTA,2,3,1
2025020345,2025-11-22,2,DAL,CGY,2,3,1
2025020346,2025-11-22,2,VGK,ANA,3,4,1
2025020347,2025-11-23,2,CAR,BUF,1,4,1
2025020348,2025-11-23,2,MIN,WPG,3,0,0
2025020349,2025-11-23,2,SEA,NYI,0,1,1
2025020350,2025-11-23,2,COL,CHI,1,0,0
2025020351,2025-11-23,2,BOS,SJS,1,3,1
2025020352,2025-11-23,2,CGY,VAN,5,2,0
2025020353,2025-11-24,2,PHI,TBL,0,3,1
2025020354,2025-11-24,2,DET,NJD,3,4,1
2025020355,2025-11-24,2,STL,NYR,2,3,1
2025020356,2025-11-24,2,CBJ,WSH,1,5,1
2025020357,2025-11-24,2,FLA,NSH,8,3,0
2025020358,2025-11-24,2,VGK,UTA,1,5,1
2025020359,2025-11-24,2,OTT,LAK,1,2,1
2025020360,2025-11-25,2,DAL,EDM,8,3,0
2025020361,2025-11-26,2,NSH,DET,6,3,0
2025020362,2025-11-26,2,CGY,TBL,1,5,1
2025020363,2025-11-26,2,PHI,FLA,4,2,0
2025020364,2025-11-26,2,STL,NJD,2,3,1
2025020365,2025-11-26,2,BOS,NYI,3,1,0
2025020366,2025-11-26,2,BUF,PIT,2,4,1
2025020367,2025-11-26,2,WPG,WSH,3,4,1
2025020368,2025-11-26,2,NYR,CAR,4,2,0
2025020369,2025-11-26,2,TOR,CBJ,2,1,0
2025020370,2025-11-26,2,MIN,CHI,4,3,0
2025020371,2025-11-26,2,SJS,COL,0,6,1
2025020372,2025-11-26,2,MTL,UTA,4,3,0
2025020373,2025-11-26,2,OTT,VGK,4,3,0
2025020374,2025-11-26,2,VAN,ANA,5,4,0
2025020375,2025-11-26,2,DAL,SEA,3,2,0
2025020376,2025-11-28,2,NYR,BOS,6,2,0
2025020377,2025-11-28,2,TBL,DET,6,3,0
2025020378,2025-11-28,2,COL,MIN,2,3,1
2025020379,2025-11-28,2,NJD,BUF,5,0,0
2025020380,2025-11-28,2,CGY,FLA,5,3,0
2025020381,2025-11-28,2,PHI,NYI,4,3,0
2025020382,2025-11-28,2,OTT,STL,3,4,1
2025020383,2025-11-28,2,MTL,VGK,4,1,0
2025020384,2025-11-28,2,LAK,ANA,4,5,1
2025020385,2025-11-28,2,VAN,SJS,2,3,1
2025020386,2025-11-28,2,TOR,WSH,2,4,1
2025020387,2025-11-28,2,WPG,CAR,1,5,1
2025020388,2025-11-28,2,PIT,CBJ,4,3,0
2025020389,2025-11-28,2,NSH,CHI,4,3,0
2025020390,2025-11-28,2,UTA,DAL,3,4,1
2025020391,2025-11-29,2,TBL,NYR,4,1,0
2025020392,2025-11-29,2,MTL,COL,2,7,1
2025020393,2025-11-29,2,EDM,SEA,4,0,0
2025020394,2025-11-29,2,DET,BOS,2,3,1
2025020395,2025-11-29,2,PHI,NJD,5,3,0
2025020396,2025-11-29,2,TOR,PIT,7,2,0
2025020397,2025-11-29,2,WPG,NSH,5,2,0
2025020398,2025-11-29,2,UTA,STL,0,1,1
2025020399,2025-11-29,2,BUF,MIN,3,2,0
2025020400,2025-11-29,2,SJS,VGK,3,4,1
2025020401,2025-11-29,2,VAN,LAK,1,2,1
2025020402,2025-11-30,2,WSH,NYI,4,1,0
2025020403,2025-11-30,2,ANA,CHI,3,5,1
2025020404,2025-11-30,2,CGY,CAR,0,1,1
2025020405,2025-11-30,2,OTT,DAL,1,6,1
2025020406,2025-12-01,2,CBJ,NJD,5,3,0
2025020407,2025-12-01,2,PIT,PHI,5,1,0
2025020408,2025-12-01,2,WPG,BUF,1,5,1
2025020409,2025-12-01,2,ANA,STL,4,1,0
2025020410,2025-12-01,2,UTA,SJS,3,6,1
2025020411,2025-12-02,2,OTT,MTL,5,2,0
2025020412,2025-12-02,2,BOS,DET,4,5,1
2025020413,2025-12-02,2,TOR,FLA,4,1,0
2025020414,2025-12-02,2,TBL,NYI,1,2,1
2025020415,2025-12-02,2,DAL,NYR,2,3,1
2025020416,2025-12-02,2,CGY,NSH,1,5,1
2025020417,2025-12-02,2,VAN,COL,1,3,1
2025020418,2025-12-02,2,MIN,EDM,1,0,0
2025020419,2025-12-02,2,CHI,VGK,3,4,1
2025020420,2025-12-02,2,WSH,LAK,3,1,0
2025020421,2025-12-03,2,DAL,NJD,3,0,0
2025020422,2025-12-03,2,WPG,MTL,2,3,1
2025020423,2025-12-03,2,BUF,PHI,2,5,1
2025020424,2025-12-03,2,UTA,ANA,7,0,0
2025020425,2025-12-03,2,WSH,SJS,7,1,0
2025020426,2025-12-04,2,STL,BOS,2,5,1
2025020427,2025-12-04,2,NYR,OTT,4,2,0
2025020428,2025-12-04,2,PIT,TBL,4,3,0
2025020429,2025-12-04,2,NSH,FLA,2,1,0
2025020430,2025-12-04,2,COL,NYI,3,6,1
2025020431,2025-12-04,2,TOR,CAR,5,1,0
2025020432,2025-12-04,2,DET,CBJ,5,6,1
2025020433,2025-12-04,2,MIN,CGY,1,4,1
2025020434,2025-12-04,2,SEA,EDM,4,9,1
2025020435,2025-12-04,2,CHI,LAK,2,1,0
2025020436,2025-12-05,2,VGK,NJD,3,0,0
2025020437,2025-12-05,2,BUF,WPG,1,4,1
2025020438,2025-12-05,2,SJS,DAL,1,4,1
2025020439,2025-12-05,2,UTA,VAN,4,1,0
2025020440,2025-12-05,2,WSH,ANA,3,4,1
2025020441,2025-12-06,2,COL,NYR,3,2,0
2025020442,2025-12-06,2,CBJ,FLA,6,7,1
2025020443,2025-12-06,2,NJD,BOS,1,4,1
2025020444,2025-12-06,2,MTL,TOR,2,1,0
2025020445,2025-12-06,2,STL,OTT,2,1,0
2025020446,2025-12-06,2,NYI,TBL,2,0,0
2025020447,2025-12-06,2,NSH,CAR,3,6,1
2025020448,2025-12-06,2,UTA,CGY,0,2,1
2025020449,2025-12-06,2,CHI,LAK,0,6,1
2025020450,2025-12-06,2,WPG,EDM,2,6,1
2025020451,2025-12-06,2,MIN,VAN,2,4,1
2025020452,2025-12-06,2,DET,SEA,4,3,0
2025020453,2025-12-07,2,COL,PHI,3,2,0
2025020454,2025-12-07,2,NYI,FLA,1,4,1
2025020455,2025-12-07,2,SJS,CAR,4,1,0
2025020456,2025-12-07,2,PIT,DAL,2,3,1
2025020457,2025-12-07,2,STL,MTL,4,3,0
2025020458,2025-12-07,2,VGK,NYR,3,2,0
2025020459,2025-12-07,2,CBJ,WSH,0,2,1
2025020460,2025-12-07,2,CHI,ANA,1,7,1
2025020461,2025-12-08,2,TBL,TOR,0,2,1
2025020462,2025-12-08,2,LAK,UTA,4,2,0
2025020463,2025-12-08,2,BUF,CGY,4,7,1
2025020464,2025-12-08,2,DET,VAN,4,0,0
2025020465,2025-12-08,2,MIN,SEA,4,1,0
2025020466,2025-12-09,2,TBL,MTL,6,1,0
2025020467,2025-12-09,2,NJD,OTT,4,3,0
2025020468,2025-12-09,2,VGK,NYI,4,5,1
2025020469,2025-12-09,2,SJS,PHI,1,4,1
2025020470,2025-12-09,2,ANA,PIT,4,3,0
2025020471,2025-12-09,2,CBJ,CAR,1,4,1
2025020472,2025-12-09,2,BOS,STL,5,2,0
2025020473,2025-12-09,2,DAL,WPG,4,3,0
2025020474,2025-12-09,2,BUF,EDM,4,3,0
2025020475,2025-12-09,2,COL,NSH,3,4,1
2025020476,2025-12-10,2,NYR,CHI,0,3,1
2025020477,2025-12-10,2,DET,CGY,4,3,0
2025020478,2025-12-10,2,FLA,UTA,4,3,0
2025020479,2025-12-10,2,LAK,SEA,2,3,1
2025020480,2025-12-11,2,SJS,TOR,3,2,0
2025020481,2025-12-11,2,TBL,NJD,8,4,0
2025020482,2025-12-11,2,ANA,NYI,2,5,1
2025020483,2025-12-11,2,VGK,PHI,3,2,0
2025020484,2025-12-11,2,MTL,PIT,4,2,0
2025020485,2025-12-11,2,CAR,WSH,3,2,0
2025020486,2025-12-11,2,OTT,CBJ,6,3,0
2025020487,2025-12-11,2,STL,NSH,2,7,1
2025020488,2025-12-11,2,DAL,MIN,2,5,1
2025020489,2025-12-11,2,BOS,WPG,6,3,0
2025020490,2025-12-11,2,FLA,COL,2,6,1
2025020491,2025-12-11,2,DET,EDM,1,4,1
2025020492,2025-12-11,2,BUF,VAN,3,2,0
2025020493,2025-12-12,2,CHI,STL,2,3,1
2025020494,2025-12-12,2,SEA,UTA,3,5,1
2025020495,2025-12-13,2,ANA,NJD,1,4,1
2025020496,2025-12-13,2,OTT,MIN,2,3,1
2025020497,2025-12-13,2,SJS,PIT,6,5,0
2025020498,2025-12-13,2,TBL,NYI,2,3,1
2025020499,2025-12-13,2,EDM,TOR,6,3,0
2025020500,2025-12-13,2,MTL,NYR,4,5,1
2025020501,2025-12-13,2,CAR,PHI,4,3,0
2025020502,2025-12-13,2,VGK,CBJ,3,2,0
2025020503,2025-12-13,2,WSH,WPG,1,5,1
2025020504,2025-12-13,2,DET,CHI,4,0,0
2025020505,2025-12-13,2,FLA,DAL,4,0,0
2025020506,2025-12-13,2,NSH,COL,2,4,1
2025020507,2025-12-13,2,CGY,LAK,2,1,0
2025020508,2025-12-14,2,VAN,NJD,2,1,0
2025020509,2025-12-14,2,UTA,PIT,5,4,0
2025020510,2025-12-14,2,PHI,CAR,2,3,1
2025020511,2025-12-14,2,BOS,MIN,2,6,1
2025020512,2025-12-14,2,EDM,MTL,1,4,1
2025020513,2025-12-14,2,BUF,SEA,3,1,0
2025020514,2025-12-15,2,FLA,TBL,5,2,0
2025020515,2025-12-15,2,ANA,NYR,4,1,0
2025020516,2025-12-15,2,OTT,WPG,3,2,0
2025020517,2025-12-15,2,NSH,STL,5,2,0
2025020518,2025-12-15,2,LAK,DAL,1,4,1
2025020519,2025-12-16,2,UTA,BOS,1,4,1
2025020520,2025-12-16,2,CHI,TOR,2,3,1
2025020521,2025-12-16,2,PHI,MTL,4,1,0
2025020522,2025-12-16,2,NYI,DET,2,3,1
2025020523,2025-12-16,2,VAN,NYR,3,0,0
2025020524,2025-12-16,2,EDM,PIT,6,4,0
2025020525,2025-12-16,2,ANA,CBJ,3,4,1
2025020526,2025-12-16,2,WSH,MIN,0,5,1
2025020527,2025-12-16,2,CGY,SJS,3,6,1
2025020528,2025-12-16,2,COL,SEA,5,3,0
2025020529,2025-12-17,2,LAK,FLA,2,3,1
2025020530,2025-12-17,2,UTA,DET,4,1,0
2025020531,2025-12-17,2,WPG,STL,0,1,1
2025020532,2025-12-17,2,CAR,NSH,4,1,0
2025020533,2025-12-17,2,NJD,VGK,2,1,0
2025020534,2025-12-18,2,EDM,BOS,3,1,0
2025020535,2025-12-18,2,PHI,BUF,3,5,1
2025020536,2025-12-18,2,CHI,MTL,1,4,1
2025020537,2025-12-18,2,PIT,OTT,0,4,1
2025020538,2025-12-18,2,LAK,TBL,2,1,0
2025020539,2025-12-18,2,TOR,WSH,0,4,1
2025020540,2025-12-18,2,MIN,CBJ,5,2,0
2025020541,2025-12-18,2,NYR,STL,2,1,0
2025020542,2025-12-18,2,SEA,CGY,2,4,1
2025020543,2025-12-18,2,DAL,SJS,5,3,0
2025020544,2025-12-19,2,CAR,FLA,3,4,1
2025020545,2025-12-19,2,VAN,NYI,4,1,0
2025020546,2025-12-19,2,WPG,COL,2,3,1
2025020547,2025-12-19,2,NJD,UTA,2,1,0
2025020548,2025-12-19,2,DAL,ANA,8,3,0
2025020549,2025-12-20,2,PHI,NYR,4,5,1
2025020550,2025-12-20,2,DET,WSH,5,2,0
2025020551,2025-12-20,2,CHI,OTT,4,6,1
2025020552,2025-12-20,2,EDM,MIN,2,5,1
2025020553,2025-12-20,2,NYI,BUF,2,3,1
2025020554,2025-12-20,2,STL,FLA,6,2,0
2025020555,2025-12-20,2,VAN,BOS,5,4,0
2025020556,2025-12-20,2,PIT,MTL,0,4,1
2025020557,2025-12-20,2,CAR,TBL,4,6,1
2025020558,2025-12-20,2,TOR,NSH,3,5,1
2025020559,2025-12-20,2,VGK,CGY,3,6,1
2025020560,2025-12-20,2,CBJ,ANA,3,4,1
2025020561,2025-12-20,2,SEA,SJS,4,2,0
2025020562,2025-12-21,2,WSH,DET,2,3,1
2025020563,2025-12-21,2,COL,MIN,5,1,0
2025020564,2025-12-21,2,OTT,BOS,6,2,0
2025020565,2025-12-21,2,BUF,NJD,3,1,0
2025020566,2025-12-21,2,MTL,PIT,3,4,1
2025020567,2025-12-21,2,NYR,NSH,1,2,1
2025020568,2025-12-21,2,TOR,DAL,1,5,1
2025020569,2025-12-21,2,WPG,UTA,3,4,1
2025020570,2025-12-21,2,VGK,EDM,3,4,1
2025020571,2025-12-22,2,STL,TBL,1,4,1
2025020572,2025-12-22,2,VAN,PHI,2,5,1
2025020573,2025-12-22,2,SEA,ANA,3,1,0
2025020574,2025-12-22,2,CBJ,LAK,3,1,0
2025020575,2025-12-23,2,PIT,TOR,3,6,1
2025020576,2025-12-23,2,NYR,WSH,7,3,0
2025020577,2025-12-23,2,MTL,BOS,6,2,0
2025020578,2025-12-23,2,BUF,OTT,3,2,0
2025020579,2025-12-23,2,DAL,DET,3,4,1
2025020580,2025-12-23,2,NJD,NYI,1,2,1
2025020581,2025-12-23,2,FLA,CAR,5,2,0
2025020582,2025-12-23,2,NSH,MIN,3,2,0
2025020583,2025-12-23,2,PHI,CHI,3,1,0
2025020584,2025-12-23,2,UTA,COL,0,1,1
2025020585,2025-12-23,2,CGY,EDM,1,5,1
2025020586,2025-12-23,2,SJS,VGK,2,7,1
2025020587,2025-12-23,2,SEA,LAK,3,2,0
2025020588,2025-12-27,2,NYR,NYI,0,2,1
2025020589,2025-12-27,2,BOS,BUF,1,4,1
2025020590,2025-12-27,2,OTT,TOR,5,7,1
2025020591,2025-12-27,2,TBL,FLA,4,2,0
2025020592,2025-12-27,2,WSH,NJD,4,3,0
2025020593,2025-12-27,2,DET,CAR,2,5,1
2025020594,2025-12-27,2,MIN,WPG,4,3,0
2025020595,2025-12-27,2,NSH,STL,2,3,1
2025020596,2025-12-27,2,CHI,DAL,4,3,0
2025020597,2025-12-27,2,ANA,LAK,1,6,1
2025020598,2025-12-27,2,EDM,CGY,2,3,1
2025020599,2025-12-27,2,SJS,VAN,6,3,0
2025020600,2025-12-27,2,COL,VGK,6,5,0
2025020601,2025-12-28,2,TOR,DET,2,3,1
2025020602,2025-12-28,2,MTL,TBL,4,5,1
2025020603,2025-12-28,2,NYI,CBJ,2,4,1
2025020604,2025-12-28,2,PIT,CHI,7,3,0
2025020605,2025-12-28,2,PHI,SEA,1,4,1
2025020606,2025-12-29,2,CBJ,OTT,4,1,0
2025020607,2025-12-29,2,WSH,FLA,3,5,1
2025020608,2025-12-29,2,NYR,CAR,2,3,1
2025020609,2025-12-29,2,EDM,WPG,3,1,0
2025020610,2025-12-29,2,BUF,STL,4,2,0
2025020611,2025-12-29,2,LAK,COL,2,5,1
2025020612,2025-12-29,2,NSH,UTA,4,3,0
2025020613,2025-12-29,2,BOS,CGY,1,2,1
2025020614,2025-12-29,2,MIN,VGK,5,2,0
2025020615,2025-12-29,2,SJS,ANA,5,4,0
2025020616,2025-12-29,2,VAN,SEA,3,2,0
2025020617,2025-12-30,2,NJD,TOR,0,4,1
2025020618,2025-12-30,2,MTL,FLA,3,2,0
2025020619,2025-12-30,2,CAR,PIT,1,5,1
2025020620,2025-12-30,2,NYI,CHI,3,2,0
2025020621,2025-12-30,2,PHI,VAN,6,3,0
2025020622,2025-12-31,2,NYR,WSH,3,6,1
2025020623,2025-12-31,2,NSH,VGK,4,2,0
2025020624,2025-12-31,2,TBL,ANA,4,3,0
2025020625,2025-12-31,2,MIN,SJS,3,4,1
2025020626,2025-12-31,2,WPG,DET,1,2,1
2025020627,2025-12-31,2,NJD,CBJ,3,2,0
2025020628,2025-12-31,2,BUF,DAL,4,1,0
2025020629,2025-12-31,2,STL,COL,1,6,1
2025020630,2025-12-31,2,PHI,CGY,1,5,1
2025020631,2025-12-31,2,BOS,EDM,6,2,0
2025020632,2026-01-01,2,WSH,OTT,3,4,1
2025020633,2026-01-01,2,UTA,NYI,7,2,0
2025020634,2026-01-01,2,WPG,TOR,5,6,1
2025020635,2026-01-01,2,DET,PIT,3,4,1
2025020636,2026-01-01,2,MTL,CAR,7,5,0
2025020637,2026-01-01,2,DAL,CHI,3,4,1
2025020638,2026-01-01,2,NSH,SEA,1,4,1
2025020639,2026-01-01,2,TBL,LAK,5,3,0
2025020640,2026-01-02,2,VGK,STL,3,4,1
2025020641,2026-01-02,2,NYR,FLA,5,1,0
2025020642,2026-01-02,2,SEA,VAN,4,3,0
2025020643,2026-01-02,2,MIN,ANA,5,2,0
2025020644,2026-01-03,2,PIT,DET,4,1,0
2025020645,2026-01-03,2,UTA,NJD,1,4,1
2025020646,2026-01-03,2,BUF,CBJ,1,5,1
2025020647,2026-01-03,2,PHI,EDM,5,2,0
2025020648,2026-01-03,2,MTL,STL,0,2,1
2025020649,2026-01-03,2,TBL,SJS,7,3,0
2025020650,2026-01-03,2,WPG,OTT,2,4,1
2025020651,2026-01-03,2,TOR,NYI,3,4,1
2025020652,2026-01-03,2,CHI,WSH,3,2,0
2025020653,2026-01-03,2,COL,CAR,5,3,0
2025020654,2026-01-03,2,NSH,CGY,4,3,0
2025020655,2026-01-03,2,MIN,LAK,4,5,1
2025020656,2026-01-03,2,BOS,VAN,3,2,0
2025020657,2026-01-04,2,MTL,DAL,4,3,0
2025020658,2026-01-04,2,PIT,CBJ,5,4,0
2025020659,2026-01-04,2,COL,FLA,1,2,1
2025020660,2026-01-04,2,CAR,NJD,3,1,0
2025020661,2026-01-04,2,VGK,CHI,2,3,1
2025020662,2026-01-05,2,UTA,NYR,3,2,0
2025020663,2026-01-05,2,ANA,WSH,4,7,1
2025020664,2026-01-05,2,DET,OTT,5,3,0
2025020665,2026-01-05,2,SEA,CGY,5,1,0
2025020666,2026-01-05,2,MIN,LAK,2,4,1
2025020667,2026-01-06,2,VAN,BUF,3,5,1
2025020668,2026-01-06,2,COL,TBL,2,4,1
2025020669,2026-01-06,2,NJD,NYI,0,9,1
2025020670,2026-01-06,2,ANA,PHI,2,5,1
2025020671,2026-01-06,2,DAL,CAR,3,6,1
2025020672,2026-01-06,2,FLA,TOR,1,4,1
2025020673,2026-01-06,2,VGK,WPG,4,3,0
2025020674,2026-01-06,2,NSH,EDM,2,6,1
2025020675,2026-01-06,2,CBJ,SJS,2,5,1
2025020676,2026-01-06,2,BOS,SEA,4,7,1
2025020677,2026-01-07,2,DAL,WSH,4,1,0
2025020678,2026-01-07,2,CGY,MTL,1,4,1
2025020679,2026-01-07,2,STL,CHI,3,7,1
2025020680,2026-01-07,2,OTT,UTA,1,3,1
2025020681,2026-01-07,2,SJS,LAK,4,3,0
2025020682,2026-01-08,2,CGY,BOS,1,4,1
2025020683,2026-01-08,2,FLA,MTL,2,6,1
2025020684,2026-01-08,2,VAN,DET,1,5,1
2025020685,2026-01-08,2,BUF,NYR,5,2,0
2025020686,2026-01-08,2,TOR,PHI,2,1,0
2025020687,2026-01-08,2,NJD,PIT,1,4,1
2025020688,2026-01-08,2,ANA,CAR,2,5,1
2025020689,2026-01-08,2,NYI,NSH,1,2,1
2025020690,2026-01-08,2,EDM,WPG,4,3,0
2025020691,2026-01-08,2,OTT,COL,2,8,1
2025020692,2026-01-08,2,CBJ,VGK,3,5,1
2025020693,2026-01-08,2,MIN,SEA,3,2,0
2025020694,2026-01-09,2,WSH,CHI,5,1,0
2025020695,2026-01-09,2,LAK,WPG,1,5,1
2025020696,2026-01-09,2,STL,UTA,2,4,1
2025020697,2026-01-10,2,NYR,BOS,2,10,1
2025020698,2026-01-10,2,CGY,PIT,2,1,0
2025020699,2026-01-10,2,CBJ,COL,0,4,1
2025020700,2026-01-10,2,DAL,SJS,4,5,1
2025020701,2026-01-10,2,ANA,BUF,3,5,1
2025020702,2026-01-10,2,VAN,TOR,0,5,1
2025020703,2026-01-10,2,DET,MTL,4,0,0
2025020704,2026-01-10,2,FLA,OTT,3,2,0
2025020705,2026-01-10,2,TBL,PHI,7,2,0
2025020706,2026-01-10,2,SEA,CAR,2,3,1
2025020707,2026-01-10,2,CHI,NSH,3,0,0
2025020708,2026-01-10,2,NYI,MIN,4,3,0
2025020709,2026-01-10,2,LAK,EDM,4,3,0
2025020710,2026-01-10,2,STL,VGK,2,4,1
2025020711,2026-01-11,2,NJD,WPG,3,4,1
2025020712,2026-01-11,2,PIT,BOS,0,1,1
2025020713,2026-01-11,2,WSH,NSH,2,3,1
2025020714,2026-01-11,2,CBJ,UTA,3,2,0
2025020715,2026-01-11,2,VGK,SJS,7,2,0
2025020716,2026-01-12,2,FLA,BUF,4,3,0
2025020717,2026-01-12,2,CAR,DET,3,4,1
2025020718,2026-01-12,2,SEA,NYR,4,2,0
2025020719,2026-01-12,2,TBL,PHI,5,1,0
2025020720,2026-01-12,2,VAN,MTL,3,6,1
2025020721,2026-01-12,2,NJD,MIN,5,2,0
2025020722,2026-01-12,2,EDM,CHI,4,1,0
2025020723,2026-01-12,2,TOR,COL,4,3,0
2025020724,2026-01-12,2,DAL,LAK,3,1,0
2025020725,2026-01-13,2,VAN,OTT,1,2,1
2025020726,2026-01-13,2,TBL,PIT,2,1,0
2025020727,2026-01-13,2,MTL,WSH,2,3,1
2025020728,2026-01-13,2,CGY,CBJ,3,5,1
2025020729,2026-01-13,2,DET,BOS,0,3,1
2025020730,2026-01-13,2,CAR,STL,0,3,1
2025020731,2026-01-13,2,EDM,NSH,3,4,1
2025020732,2026-01-13,2,NYI,WPG,4,5,1
2025020733,2026-01-13,2,TOR,UTA,1,6,1
2025020734,2026-01-13,2,DAL,ANA,1,3,1
2025020735,2026-01-14,2,SEA,NJD,2,3,1
2025020736,2026-01-14,2,PHI,BUF,2,5,1
2025020737,2026-01-14,2,OTT,NYR,8,4,0
2025020738,2026-01-14,2,VGK,LAK,3,2,0
2025020739,2026-01-15,2,SEA,BOS,2,4,1
2025020740,2026-01-15,2,MTL,BUF,3,5,1
2025020741,2026-01-15,2,PHI,PIT,3,6,1
2025020742,2026-01-15,2,SJS,WSH,3,2,0
2025020743,2026-01-15,2,VAN,CBJ,1,4,1
2025020744,2026-01-15,2,WPG,MIN,6,2,0
2025020745,2026-01-15,2,CGY,CHI,3,1,0
2025020746,2026-01-15,2,DAL,UTA,1,2,1
2025020747,2026-01-15,2,NYI,EDM,1,0,0
2025020748,2026-01-15,2,TOR,VGK,5,6,1
2025020749,2026-01-16,2,SJS,DET,2,4,1
2025020750,2026-01-16,2,FLA,CAR,1,9,1
2025020751,2026-01-16,2,TBL,STL,2,3,1
2025020752,2026-01-16,2,NSH,COL,7,3,0
2025020753,2026-01-16,2,ANA,LAK,3,2,0
2025020754,2026-01-17,2,MIN,BUF,5,4,0
2025020755,2026-01-17,2,NYR,PHI,6,3,0
2025020756,2026-01-17,2,NYI,CGY,2,4,1
2025020757,2026-01-17,2,SEA,UTA,3,6,1
2025020758,2026-01-17,2,MTL,OTT,6,5,0
2025020759,2026-01-17,2,CAR,NJD,4,1,0
2025020760,2026-01-17,2,CBJ,PIT,4,3,0
2025020761,2026-01-17,2,FLA,WSH,5,2,0
2025020762,2026-01-17,2,TOR,WPG,4,3,0
2025020763,2026-01-17,2,BOS,CHI,5,2,0
2025020764,2026-01-17,2,EDM,VAN,6,0,0
2025020765,2026-01-17,2,NSH,VGK,2,7,1
2025020766,2026-01-17,2,LAK,ANA,1,2,1
2025020767,2026-01-18,2,TBL,DAL,4,1,0
2025020768,2026-01-18,2,OTT,DET,3,4,1
2025020769,2026-01-18,2,STL,EDM,0,5,1
2025020770,2026-01-19,2,BUF,CAR,1,2,1
2025020771,2026-01-19,2,WSH,COL,2,5,1
2025020772,2026-01-19,2,PIT,SEA,6,3,0
2025020773,2026-01-19,2,SJS,FLA,4,1,0
2025020774,2026-01-19,2,MIN,TOR,6,3,0
2025020775,2026-01-19,2,PHI,VGK,2,1,0
2025020776,2026-01-19,2,WPG,CHI,0,2,1
2025020777,2026-01-19,2,NJD,CGY,2,1,0
2025020778,2026-01-19,2,NYI,VAN,4,3,0
2025020779,2026-01-19,2,NYR,ANA,3,5,1
2025020780,2026-01-20,2,MIN,MTL,3,4,1
2025020781,2026-01-20,2,SJS,TBL,1,4,1
2025020782,2026-01-20,2,OTT,CBJ,4,1,0
2025020783,2026-01-20,2,BOS,DAL,2,6,1
2025020784,2026-01-20,2,BUF,NSH,5,3,0
2025020785,2026-01-20,2,STL,WPG,1,3,1
2025020786,2026-01-20,2,NJD,EDM,2,1,0
2025020787,2026-01-20,2,NYR,LAK,3,4,1
2025020788,2026-01-21,2,DET,TOR,2,1,0
2025020789,2026-01-21,2,ANA,COL,2,1,0
2025020790,2026-01-21,2,PHI,UTA,4,5,1
2025020791,2026-01-21,2,PIT,CGY,4,1,0
2025020792,2026-01-21,2,WSH,VAN,3,4,1
2025020793,2026-01-21,2,NYI,SEA,1,4,1
2025020794,2026-01-22,2,VGK,BOS,3,4,1
2025020795,2026-01-22,2,BUF,MTL,4,2,0
2025020796,2026-01-22,2,CHI,CAR,4,3,0
2025020797,2026-01-22,2,DAL,CBJ,0,1,1
2025020798,2026-01-22,2,OTT,NSH,3,5,1
2025020799,2026-01-22,2,FLA,WPG,2,1,0
2025020800,2026-01-22,2,PIT,EDM,6,2,0
2025020801,2026-01-22,2,DET,MIN,3,4,1
2025020802,2026-01-23,2,VGK,TOR,6,3,0
2025020803,2026-01-23,2,TBL,CHI,2,1,0
2025020804,2026-01-23,2,STL,DAL,2,3,1
2025020805,2026-01-23,2,PHI,COL,7,3,0
2025020806,2026-01-23,2,WSH,CGY,3,1,0
2025020807,2026-01-23,2,NJD,VAN,5,4,0
2025020808,2026-01-23,2,NYR,SJS,1,3,1
2025020809,2026-01-23,2,ANA,SEA,4,2,0
2025020810,2026-01-24,2,BUF,NYI,5,0,0
2025020811,2026-01-24,2,UTA,NSH,5,2,0
2025020812,2026-01-24,2,MTL,BOS,3,4,1
2025020813,2026-01-24,2,CAR,OTT,4,1,0
2025020814,2026-01-24,2,TBL,CBJ,5,8,1
2025020815,2026-01-24,2,DET,WPG,5,1,0
2025020816,2026-01-24,2,LAK,STL,5,4,0
2025020817,2026-01-24,2,FLA,MIN,4,3,0
2025020818,2026-01-24,2,WSH,EDM,5,6,1
2025020819,2026-01-25,2,COL,TOR,4,1,0
2025020820,2026-01-25,2,NJD,SEA,2,4,1
2025020821,2026-01-25,2,VGK,OTT,1,7,1
2025020822,2026-01-25,2,PIT,VAN,3,2,0
2025020823,2026-01-25,2,FLA,CHI,5,1,0
2025020824,2026-01-25,2,ANA,CGY,4,3,0
2025020825,2026-01-26,2,UTA,TBL,0,2,1
2025020826,2026-01-26,2,BOS,NYR,3,4,1
2025020827,2026-01-26,2,NYI,PHI,4,0,0
2025020829,2026-01-26,2,ANA,EDM,4,7,1
2025020830,2026-01-27,2,NSH,BOS,2,3,1
2025020831,2026-01-27,2,BUF,TOR,7,4,0
2025020832,2026-01-27,2,VGK,MTL,2,3,1
2025020833,2026-01-27,2,LAK,DET,3,1,0
2025020834,2026-01-27,2,UTA,FLA,4,3,0
2025020835,2026-01-27,2,WPG,NJD,4,3,0
2025020836,2026-01-27,2,DAL,STL,4,3,0
2025020837,2026-01-27,2,CHI,MIN,3,4,1
2025020838,2026-01-27,2,SJS,VAN,5,2,0
2025020839,2026-01-27,2,WSH,SEA,1,5,1
2025020840,2026-01-28,2,PHI,CBJ,3,5,1
2025020841,2026-01-28,2,COL,OTT,2,5,1
2025020842,2026-01-28,2,NYR,NYI,2,5,1
2025020843,2026-01-29,2,PHI,BOS,3,6,1
2025020844,2026-01-29,2,LAK,BUF,1,4,1
2025020845,2026-01-29,2,COL,MTL,3,7,1
2025020846,2026-01-29,2,WSH,DET,4,3,0
2025020847,2026-01-29,2,WPG,TBL,1,4,1
2025020848,2026-01-29,2,NSH,NJD,2,3,1
2025020849,2026-01-29,2,NYI,NYR,2,1,0
2025020850,2026-01-29,2,CHI,PIT,2,6,1
2025020851,2026-01-29,2,UTA,CAR,4,5,1
2025020852,2026-01-29,2,FLA,STL,4,5,1
2025020853,2026-01-29,2,CGY,MIN,1,4,1
2025020854,2026-01-29,2,SJS,EDM,3,4,1
2025020855,2026-01-29,2,ANA,VAN,0,2,1
2025020856,2026-01-29,2,DAL,VGK,5,4,0
2025020857,2026-01-29,2,TOR,SEA,2,5,1
2025020858,2026-01-30,2,CBJ,CHI,4,2,0
2025020859,2026-01-31,2,LAK,PHI,3,2,0
2025020860,2026-01-31,2,COL,DET,5,0,0
2025020861,2026-01-31,2,NYR,PIT,5,6,1
2025020862,2026-01-31,2,WPG,FLA,2,1,0
2025020863,2026-01-31,2,SJS,CGY,2,3,1
2025020864,2026-01-31,2,CAR,WSH,3,4,1
2025020865,2026-01-31,2,MTL,BUF,4,2,0
2025020866,2026-01-31,2,NJD,OTT,1,4,1
2025020867,2026-01-31,2,NSH,NYI,4,3,0
2025020868,2026-01-31,2,CBJ,STL,5,3,0
2025020869,2026-01-31,2,TOR,VAN,3,2,0
2025020870,2026-01-31,2,DAL,UTA,3,2,0
2025020871,2026-01-31,2,MIN,EDM,7,3,0
2025020872,2026-01-31,2,SEA,VGK,3,2,0
2025020873,2026-02-01,2,BOS,TBL,5,6,1
2025020874,2026-02-01,2,LAK,CAR,2,3,1
2025020875,2026-02-01,2,VGK,ANA,3,4,1
2025020876,2026-02-02,2,BUF,FLA,5,3,0
2025020877,2026-02-02,2,OTT,PIT,3,2,0
2025020878,2026-02-02,2,NYI,WSH,1,4,1
2025020879,2026-02-02,2,MTL,MIN,3,4,1
2025020880,2026-02-02,2,STL,NSH,5,6,1
2025020881,2026-02-02,2,SJS,CHI,3,6,1
2025020882,2026-02-02,2,WPG,DAL,3,4,1
2025020883,2026-02-02,2,DET,COL,2,0,0
2025020884,2026-02-02,2,VAN,UTA,2,6,1
2025020885,2026-02-02,2,TOR,CGY,4,2,0
2025020886,2026-02-03,2,BUF,TBL,3,4,1
2025020887,2026-02-03,2,CBJ,NJD,3,0,0
2025020888,2026-02-03,2,PIT,NYI,4,5,1
2025020889,2026-02-03,2,WSH,PHI,2,4,1
2025020890,2026-02-03,2,OTT,CAR,3,4,1
2025020891,2026-02-03,2,TOR,EDM,5,2,0
2025020892,2026-02-03,2,SEA,ANA,2,4,1
2025020893,2026-02-04,2,BOS,FLA,4,5,1
2025020894,2026-02-04,2,CHI,CBJ,0,4,1
2025020895,2026-02-04,2,MTL,WPG,5,1,0
2025020896,2026-02-04,2,MIN,NSH,6,5,0
2025020897,2026-02-04,2,SJS,COL,2,4,1
2025020898,2026-02-04,2,DET,UTA,1,4,1
2025020899,2026-02-04,2,STL,DAL,4,5,1
2025020900,2026-02-04,2,EDM,CGY,3,4,1
2025020901,2026-02-04,2,VAN,VGK,2,5,1
2025020902,2026-02-04,2,SEA,LAK,4,2,0
2025020903,2026-02-05,2,PIT,BUF,5,2,0
2025020904,2026-02-05,2,FLA,TBL,1,6,1
2025020905,2026-02-05,2,NYI,NJD,3,1,0
2025020906,2026-02-05,2,CAR,NYR,2,0,0
2025020907,2026-02-05,2,OTT,PHI,2,1,0
2025020908,2026-02-05,2,NSH,WSH,2,4,1
2025020909,2026-02-05,2,LAK,VGK,1,4,1
2025020910,2026-02-25,2,BUF,NJD,2,1,0
2025020911,2026-02-25,2,PHI,WSH,1,3,1
2025020912,2026-02-25,2,TOR,TBL,2,4,1
2025020913,2026-02-25,2,SEA,DAL,1,4,1
2025020914,2026-02-25,2,COL,UTA,4,2,0
2025020915,2026-02-25,2,WPG,VAN,3,2,0
2025020916,2026-02-25,2,VGK,LAK,6,4,0
2025020917,2026-02-25,2,EDM,ANA,5,6,1
2025020918,2026-02-26,2,CBJ,BOS,2,4,1
2025020919,2026-02-26,2,NYI,MTL,4,3,0
2025020920,2026-02-26,2,DET,OTT,2,1,0
2025020921,2026-02-26,2,TOR,FLA,1,5,1
2025020922,2026-02-26,2,NJD,PIT,1,4,1
2025020923,2026-02-26,2,TBL,CAR,4,5,1
2025020924,2026-02-26,2,PHI,NYR,3,2,0
2025020925,2026-02-26,2,SEA,STL,1,5,1
2025020926,2026-02-26,2,CHI,NSH,2,4,1
2025020927,2026-02-26,2,MIN,COL,5,2,0
2025020928,2026-02-26,2,CGY,SJS,4,1,0
2025020929,2026-02-26,2,EDM,LAK,8,1,0
2025020930,2026-02-27,2,BUF,FLA,3,2,0
2025020931,2026-02-27,2,VGK,WSH,2,3,1
2025020932,2026-02-27,2,MIN,UTA,2,5,1
2025020933,2026-02-27,2,WPG,ANA,4,5,1
2025020934,2026-02-28,2,PIT,NYR,2,3,1
2025020935,2026-02-28,2,BOS,PHI,1,3,1
2025020936,2026-02-28,2,EDM,SJS,4,5,1
2025020937,2026-02-28,2,NYI,CBJ,4,3,0
2025020938,2026-02-28,2,CHI,COL,1,3,1
2025020939,2026-02-28,2,OTT,TOR,5,2,0
2025020940,2026-02-28,2,WSH,MTL,2,6,1
2025020941,2026-02-28,2,BUF,TBL,6,2,0
2025020942,2026-02-28,2,DET,CAR,2,5,1
2025020943,2026-02-28,2,NJD,STL,3,1,0
2025020944,2026-02-28,2,CGY,LAK,0,2,1
2025020945,2026-02-28,2,NSH,DAL,2,3,1
2025020946,2026-02-28,2,VAN,SEA,1,5,1
2025020947,2026-03-01,2,VGK,PIT,0,5,1
2025020948,2026-03-01,2,FLA,NYI,4,5,1
2025020949,2026-03-01,2,CHI,UTA,4,0,0
2025020950,2026-03-01,2,WPG,SJS,1,2,1
2025020951,2026-03-01,2,STL,MIN,3,1,0
2025020952,2026-03-01,2,CGY,ANA,2,3,1
2025020953,2026-03-02,2,CBJ,NYR,5,4,0
2025020954,2026-03-02,2,PHI,TOR,3,2,0
2025020955,2026-03-02,2,DET,NSH,4,2,0
2025020956,2026-03-02,2,DAL,VAN,6,1,0
2025020957,2026-03-02,2,CAR,SEA,1,2,1
2025020958,2026-03-02,2,COL,LAK,4,2,0
2025020959,2026-03-03,2,PIT,BOS,1,2,1
2025020960,2026-03-03,2,VGK,BUF,2,3,1
2025020961,2026-03-03,2,FLA,NJD,1,5,1
2025020962,2026-03-03,2,UTA,WSH,3,2,0
2025020963,2026-03-03,2,NSH,CBJ,2,3,1
2025020964,2026-03-03,2,CHI,WPG,2,3,1
2025020965,2026-03-03,2,DAL,CGY,6,1,0
2025020966,2026-03-03,2,OTT,EDM,4,5,1
2025020967,2026-03-03,2,TBL,MIN,1,5,1
2025020968,2026-03-03,2,COL,ANA,5,1,0
2025020969,2026-03-03,2,MTL,SJS,5,7,1
2025020970,2026-03-04,2,VGK,DET,4,3,0
2025020971,2026-03-04,2,TOR,NJD,3,4,1
2025020972,2026-03-04,2,CAR,VAN,6,4,0
2025020973,2026-03-04,2,NYI,ANA,1,5,1
2025020974,2026-03-04,2,STL,SEA,3,2,0
2025020975,2026-03-05,2,TOR,NYR,2,6,1
2025020976,2026-03-05,2,UTA,PHI,3,0,0
2025020977,2026-03-05,2,BUF,PIT,5,1,0
2025020978,2026-03-05,2,FLA,CBJ,2,4,1
2025020979,2026-03-05,2,BOS,NSH,3,6,1
2025020980,2026-03-05,2,TBL,WPG,1,4,1
2025020981,2026-03-05,2,OTT,CGY,4,1,0
2025020982,2026-03-05,2,NYI,LAK,3,5,1
2025020983,2026-03-06,2,FLA,DET,3,1,0
2025020984,2026-03-06,2,COL,DAL,5,4,0
2025020985,2026-03-06,2,VAN,CHI,6,3,0
2025020986,2026-03-06,2,CAR,EDM,6,3,0
2025020987,2026-03-06,2,MTL,ANA,5,6,1
2025020988,2026-03-06,2,MIN,VGK,4,2,0
2025020989,2026-03-06,2,STL,SJS,3,2,0
2025020990,2026-03-07,2,WSH,BOS,1,3,1
2025020991,2026-03-07,2,NYR,NJD,3,6,1
2025020992,2026-03-07,2,NSH,BUF,2,3,1
2025020993,2026-03-07,2,PHI,PIT,4,3,0
2025020994,2026-03-07,2,TBL,TOR,5,2,0
2025020995,2026-03-07,2,UTA,CBJ,5,4,0
2025020996,2026-03-07,2,VAN,WPG,2,3,1
2025020997,2026-03-07,2,MTL,LAK,4,3,0
2025020998,2026-03-07,2,CAR,CGY,4,5,1
2025020999,2026-03-07,2,NYI,SJS,2,1,0
2025021000,2026-03-07,2,OTT,SEA,7,4,0
2025021001,2026-03-08,2,MIN,COL,2,3,1
2025021002,2026-03-08,2,BOS,PIT,4,5,1
2025021003,2026-03-08,2,TBL,BUF,7,8,1
2025021004,2026-03-08,2,CHI,DAL,3,4,1
2025021005,2026-03-08,2,DET,NJD,3,0,0
2025021006,2026-03-08,2,STL,ANA,4,0,0
2025021007,2026-03-08,2,EDM,VGK,4,2,0
2025020828,2026-03-09,2,LAK,CBJ,5,4,0
2025021008,2026-03-09,2,NYR,PHI,6,2,0
2025021009,2026-03-09,2,CGY,WSH,3,7,1
2025021010,2026-03-09,2,UTA,CHI,2,3,1
2025021011,2026-03-09,2,OTT,VAN,2,0,0
2025021012,2026-03-10,2,LAK,BOS,1,2,1
2025021013,2026-03-10,2,SJS,BUF,3,6,1
2025021014,2026-03-10,2,TOR,MTL,1,3,1
2025021015,2026-03-10,2,CBJ,TBL,5,2,0
2025021016,2026-03-10,2,DET,FLA,3,4,1
2025021017,2026-03-10,2,CGY,NYR,0,4,1
2025021018,2026-03-10,2,PIT,CAR,4,5,1
2025021019,2026-03-10,2,NYI,STL,4,3,0
2025021020,2026-03-10,2,VGK,DAL,1,2,1
2025021021,2026-03-10,2,UTA,MIN,0,5,1
2025021022,2026-03-10,2,ANA,WPG,4,1,0
2025021023,2026-03-10,2,EDM,COL,4,3,0
2025021024,2026-03-10,2,NSH,SEA,4,2,0
2025021025,2026-03-11,2,MTL,OTT,3,2,0
2025021026,2026-03-11,2,WSH,PHI,1,4,1
2025021027,2026-03-12,2,SJS,BOS,4,2,0
2025021028,2026-03-12,2,WSH,BUF,2,1,0
2025021029,2026-03-12,2,ANA,TOR,4,6,1
2025021030,2026-03-12,2,DET,TBL,1,4,1
2025021031,2026-03-12,2,CBJ,FLA,1,2,1
2025021032,2026-03-12,2,CGY,NJD,5,4,0
2025021033,2026-03-12,2,STL,CAR,3,1,0
2025021034,2026-03-12,2,EDM,DAL,2,7,1
2025021035,2026-03-12,2,PHI,MIN,3,2,0
2025021036,2026-03-12,2,NYR,WPG,6,3,0
2025021037,2026-03-12,2,CHI,UTA,3,2,0
2025021038,2026-03-12,2,NSH,VAN,3,4,1
2025021039,2026-03-12,2,PIT,VGK,2,6,1
2025021040,2026-03-12,2,COL,SEA,5,1,0
2025021041,2026-03-13,2,LAK,NYI,3,2,0
2025021042,2026-03-13,2,EDM,STL,2,3,1
2025021043,2026-03-14,2,ANA,OTT,0,2,1
2025021044,2026-03-14,2,BOS,WSH,3,2,0
2025021045,2026-03-14,2,COL,WPG,1,3,1
2025021046,2026-03-14,2,NYR,MIN,4,2,0
2025021047,2026-03-14,2,TOR,BUF,2,3,1
2025021048,2026-03-14,2,SJS,MTL,4,2,0
2025021049,2026-03-14,2,CAR,TBL,4,2,0
2025021050,2026-03-14,2,LAK,NJD,4,6,1
2025021051,2026-03-14,2,CGY,NYI,2,3,1
2025021052,2026-03-14,2,CBJ,PHI,2,1,0
2025021053,2026-03-14,2,DET,DAL,2,3,1
2025021054,2026-03-14,2,PIT,UTA,4,3,0
2025021055,2026-03-14,2,SEA,VAN,5,2,0
2025021056,2026-03-14,2,CHI,VGK,0,4,1
2025021057,2026-03-15,2,STL,WPG,2,3,1
2025021058,2026-03-15,2,SJS,OTT,4,7,1
2025021059,2026-03-15,2,ANA,MTL,4,3,0
2025021060,2026-03-15,2,TOR,MIN,4,2,0
2025021061,2026-03-15,2,NSH,EDM,1,3,1
2025021062,2026-03-15,2,FLA,SEA,2,6,1
2025021063,2026-03-16,2,CGY,DET,2,5,1
2025021064,2026-03-16,2,BOS,NJD,3,4,1
2025021065,2026-03-16,2,LAK,NYR,4,1,0
2025021066,2026-03-16,2,UTA,DAL,6,3,0
2025021067,2026-03-16,2,PIT,COL,7,2,0
2025021068,2026-03-17,2,NYI,TOR,3,1,0
2025021069,2026-03-17,2,BOS,MTL,2,3,1
2025021070,2026-03-17,2,CAR,CBJ,1,5,1
2025021071,2026-03-17,2,NSH,WPG,4,3,0
2025021072,2026-03-17,2,MIN,CHI,4,3,0
2025021073,2026-03-17,2,SJS,EDM,3,5,1
2025021074,2026-03-17,2,FLA,VAN,2,5,1
2025021075,2026-03-17,2,BUF,VGK,2,0,0
2025021076,2026-03-17,2,TBL,SEA,6,2,0
2025021077,2026-03-18,2,NJD,NYR,6,3,0
2025021078,2026-03-18,2,PIT,CAR,5,6,1
2025021079,2026-03-18,2,OTT,WSH,1,4,1
2025021080,2026-03-18,2,DAL,COL,2,1,0
2025021081,2026-03-18,2,STL,CGY,1,2,1
2025021082,2026-03-18,2,PHI,ANA,3,2,0
2025021083,2026-03-19,2,WPG,BOS,1,6,1
2025021084,2026-03-19,2,NYI,OTT,2,3,1
2025021085,2026-03-19,2,MTL,DET,1,3,1
2025021086,2026-03-19,2,NYR,CBJ,3,6,1
2025021087,2026-03-19,2,SEA,NSH,1,3,1
2025021088,2026-03-19,2,CHI,MIN,2,1,0
2025021089,2026-03-19,2,FLA,EDM,4,0,0
2025021090,2026-03-19,2,TBL,VAN,6,2,0
2025021091,2026-03-19,2,UTA,VGK,4,0,0
2025021092,2026-03-19,2,BUF,SJS,5,0,0
2025021093,2026-03-19,2,PHI,LAK,4,3,0
2025021094,2026-03-20,2,CAR,TOR,4,3,0
2025021095,2026-03-20,2,NJD,WSH,1,2,1
2025021096,2026-03-20,2,COL,CHI,4,1,0
2025021097,2026-03-20,2,FLA,CGY,1,4,1
2025021098,2026-03-20,2,ANA,UTA,4,1,0
2025021099,2026-03-21,2,WPG,PIT,4,5,1
2025021100,2026-03-21,2,VGK,NSH,1,4,1
2025021101,2026-03-21,2,DAL,MIN,1,2,1
2025021102,2026-03-21,2,BUF,LAK,4,1,0
2025021103,2026-03-21,2,PHI,SJS,4,1,0
2025021104,2026-03-21,2,SEA,CBJ,2,5,1
2025021105,2026-03-21,2,NYI,MTL,3,7,1
2025021106,2026-03-21,2,TOR,OTT,2,5,1
2025021107,2026-03-21,2,STL,VAN,3,1,0
2025021108,2026-03-21,2,BOS,DET,4,2,0
2025021109,2026-03-21,2,TBL,EDM,5,2,0
2025021110,2026-03-22,2,WPG,NYR,3,2,0
2025021111,2026-03-22,2,COL,WSH,3,2,0
2025021112,2026-03-22,2,CAR,PIT,5,1,0
2025021113,2026-03-22,2,NSH,CHI,3,2,0
2025021114,2026-03-22,2,CBJ,NYI,0,1,1
2025021115,2026-03-22,2,VGK,DAL,3,2,0
2025021116,2026-03-22,2,TBL,CGY,3,4,1
2025021117,2026-03-22,2,BUF,ANA,5,6,1
2025021118,2026-03-22,2,LAK,UTA,3,4,1
2025021119,2026-03-23,2,OTT,NYR,2,1,0
2025021120,2026-03-24,2,TOR,BOS,4,2,0
2025021121,2026-03-24,2,CAR,MTL,2,5,1
2025021122,2026-03-24,2,OTT,DET,3,2,0
2025021123,2026-03-24,2,SEA,FLA,4,5,1
2025021124,2026-03-24,2,CHI,NYI,4,3,0
2025021125,2026-03-24,2,CBJ,PHI,3,2,0
2025021126,2026-03-24,2,COL,PIT,6,2,0
2025021127,2026-03-24,2,MIN,TBL,3,6,1
2025021128,2026-03-24,2,WSH,STL,0,3,1
2025021129,2026-03-24,2,SJS,NSH,3,6,1
2025021130,2026-03-24,2,NJD,DAL,6,4,0
2025021131,2026-03-24,2,VGK,WPG,1,4,1
2025021132,2026-03-24,2,EDM,UTA,5,2,0
2025021133,2026-03-24,2,LAK,CGY,2,3,1
2025021134,2026-03-24,2,ANA,VAN,5,3,0
2025021135,2026-03-25,2,BOS,BUF,4,3,0
2025021136,2026-03-25,2,NYR,TOR,3,4,1
2025021137,2026-03-26,2,CBJ,MTL,1,2,1
2025021138,2026-03-26,2,PIT,OTT,4,3,0
2025021139,2026-03-26,2,SEA,TBL,4,3,0
2025021140,2026-03-26,2,MIN,FLA,3,2,0
2025021141,2026-03-26,2,DAL,NYI,1,2,1
2025021142,2026-03-26,2,CHI,PHI,1,5,1
2025021143,2026-03-26,2,SJS,STL,1,2,1
2025021144,2026-03-26,2,NJD,NSH,4,2,0
2025021145,2026-03-26,2,COL,WPG,3,2,0
2025021146,2026-03-26,2,WSH,UTA,7,4,0
2025021147,2026-03-26,2,ANA,CGY,3,2,0
2025021148,2026-03-26,2,EDM,VGK,4,3,0
2025021149,2026-03-26,2,LAK,VAN,4,0,0
2025021150,2026-03-27,2,DET,BUF,5,2,0
2025021151,2026-03-27,2,CHI,NYR,1,6,1
2025021152,2026-03-28,2,OTT,TBL,2,4,1
2025021153,2026-03-28,2,FLA,NYI,2,5,1
2025021154,2026-03-28,2,ANA,EDM,2,4,1
2025021155,2026-03-28,2,MIN,BOS,3,6,1
2025021156,2026-03-28,2,DAL,PIT,6,3,0
2025021157,2026-03-28,2,NJD,CAR,2,5,1
2025021158,2026-03-28,2,SJS,CBJ,3,2,0
2025021159,2026-03-28,2,SEA,BUF,2,3,1
2025021160,2026-03-28,2,TOR,STL,1,5,1
2025021161,2026-03-28,2,MTL,NSH,4,1,0
2025021162,2026-03-28,2,WPG,COL,4,2,0
2025021163,2026-03-28,2,PHI,DET,5,3,0
2025021164,2026-03-28,2,UTA,LAK,6,2,0
2025021165,2026-03-28,2,VAN,CGY,3,7,1
2025021166,2026-03-28,2,WSH,VGK,5,4,0
2025021167,2026-03-29,2,FLA,NYR,1,3,1
2025021168,2026-03-29,2,NSH,TBL,2,3,1
2025021169,2026-03-29,2,MTL,CAR,3,1,0
2025021170,2026-03-29,2,BOS,CBJ,4,3,0
2025021171,2026-03-29,2,CHI,NJD,3,5,1
2025021172,2026-03-29,2,DAL,PHI,1,2,1
2025021173,2026-03-30,2,PIT,NYI,8,3,0
2025021174,2026-03-30,2,CGY,COL,2,9,1
2025021175,2026-03-30,2,VAN,VGK,2,4,1
2025021176,2026-03-30,2,TOR,ANA,5,4,0
2025021177,2026-03-30,2,STL,SJS,4,5,1
2025021178,2026-03-31,2,DAL,BOS,3,6,1
2025021179,2026-03-31,2,NYI,BUF,3,4,1
2025021180,2026-03-31,2,MTL,TBL,4,1,0
2025021181,2026-03-31,2,OTT,FLA,3,6,1
2025021182,2026-03-31,2,NJD,NYR,1,4,1
2025021183,2026-03-31,2,DET,PIT,1,5,1
2025021184,2026-03-31,2,PHI,WSH,4,6,1
2025021185,2026-03-31,2,CAR,CBJ,5,2,0
2025021186,2026-03-31,2,WPG,CHI,4,3,0
2025021187,2026-03-31,2,SEA,EDM,0,3,1
2025021188,2026-04-01,2,VAN,COL,8,6,0
2025021189,2026-04-01,2,STL,LAK,1,2,1
2025021190,2026-04-01,2,ANA,SJS,3,4,1
2025021191,2026-04-02,2,BUF,OTT,1,4,1
2025021192,2026-04-02,2,PIT,TBL,3,6,1
2025021193,2026-04-02,2,BOS,FLA,1,2,1
2025021194,2026-04-02,2,WSH,NJD,3,7,1
2025021195,2026-04-02,2,MTL,NYR,3,2,0
2025021196,2026-04-02,2,DET,PHI,4,2,0
2025021197,2026-04-02,2,CBJ,CAR,1,5,1
2025021198,2026-04-02,2,WPG,DAL,0,3,1
2025021199,2026-04-02,2,VAN,MIN,2,5,1
2025021200,2026-04-02,2,CHI,EDM,1,3,1
2025021201,2026-04-02,2,CGY,VGK,3,6,1
2025021202,2026-04-02,2,TOR,SJS,1,4,1
2025021203,2026-04-02,2,UTA,SEA,6,2,0
2025021204,2026-04-02,2,NSH,LAK,5,4,0
2025021205,2026-04-03,2,PHI,NYI,4,1,0
2025021206,2026-04-03,2,STL,ANA,6,2,0
2025021207,2026-04-04,2,DET,NYR,1,4,1
2025021208,2026-04-04,2,MIN,OTT,4,1,0
2025021209,2026-04-04,2,COL,DAL,2,0,0
2025021210,2026-04-04,2,BOS,TBL,1,3,1
2025021211,2026-04-04,2,FLA,PIT,4,9,1
2025021212,2026-04-04,2,MTL,NJD,4,3,0
2025021213,2026-04-04,2,BUF,WSH,2,6,1
2025021214,2026-04-04,2,NYI,CAR,3,4,1
2025021215,2026-04-04,2,WPG,CBJ,2,1,0
2025021216,2026-04-04,2,UTA,VAN,7,4,0
2025021217,2026-04-04,2,TOR,LAK,6,7,1
2025021218,2026-04-04,2,VGK,EDM,5,1,0
2025021219,2026-04-04,2,CGY,ANA,5,3,0
2025021220,2026-04-04,2,NSH,SJS,6,3,0
2025021221,2026-04-04,2,CHI,SEA,4,2,0
2025021222,2026-04-05,2,MIN,DET,5,4,0
2025021223,2026-04-05,2,FLA,PIT,2,5,1
2025021224,2026-04-05,2,BOS,PHI,1,2,1
2025021225,2026-04-05,2,CAR,OTT,3,6,1
2025021226,2026-04-05,2,NJD,MTL,3,0,0
2025021227,2026-04-05,2,WSH,NYR,1,8,1
2025021228,2026-04-05,2,STL,COL,3,2,0
2025021229,2026-04-06,2,TBL,BUF,2,4,1
2025021230,2026-04-06,2,SEA,WPG,2,6,1
2025021231,2026-04-06,2,CHI,SJS,2,3,1
2025021232,2026-04-06,2,NSH,LAK,2,3,1
2025021233,2026-04-07,2,FLA,MTL,3,4,1
2025021234,2026-04-07,2,TBL,OTT,2,6,1
2025021235,2026-04-07,2,CBJ,DET,4,3,0
2025021236,2026-04-07,2,PHI,NJD,5,1,0
2025021237,2026-04-07,2,BOS,CAR,5,6,1
2025021238,2026-04-07,2,COL,STL,3,1,0
2025021239,2026-04-07,2,CGY,DAL,3,4,1
2025021240,2026-04-07,2,SEA,MIN,2,5,1
2025021241,2026-04-07,2,EDM,UTA,5,6,1
2025021242,2026-04-07,2,VGK,VAN,2,1,0
2025021243,2026-04-07,2,NSH,ANA,5,0,0
2025021244,2026-04-08,2,BUF,NYR,5,3,0
2025021245,2026-04-08,2,WSH,TOR,4,0,0
2025021246,2026-04-08,2,EDM,SJS,5,2,0
2025021247,2026-04-09,2,CBJ,BUF,0,5,1
2025021248,2026-04-09,2,TBL,MTL,1,2,1
2025021249,2026-04-09,2,FLA,OTT,1,5,1
2025021250,2026-04-09,2,PHI,DET,3,6,1
2025021251,2026-04-09,2,PIT,NJD,5,2,0
2025021252,2026-04-09,2,TOR,NYI,3,5,1
2025021253,2026-04-09,2,WPG,STL,3,2,0
2025021254,2026-04-09,2,MIN,DAL,4,5,1
2025021255,2026-04-09,2,CAR,CHI,7,2,0
2025021256,2026-04-09,2,CGY,COL,1,3,1
2025021257,2026-04-09,2,NSH,UTA,1,4,1
2025021258,2026-04-09,2,SJS,ANA,1,6,1
2025021259,2026-04-09,2,VGK,SEA,3,4,1
2025021260,2026-04-09,2,VAN,LAK,1,4,1
2025021261,2026-04-11,2,TBL,BOS,2,1,0
2025021262,2026-04-11,2,OTT,NYI,3,0,0
2025021263,2026-04-11,2,WSH,PIT,6,3,0
2025021264,2026-04-11,2,EDM,LAK,0,1,1
2025021265,2026-04-11,2,NJD,DET,5,3,0
2025021266,2026-04-11,2,STL,CHI,5,3,0
2025021267,2026-04-11,2,MIN,NSH,1,2,1
2025021268,2026-04-11,2,NYR,DAL,0,2,1
2025021269,2026-04-11,2,CAR,UTA,4,1,0
2025021270,2026-04-11,2,FLA,TOR,6,2,0
2025021271,2026-04-11,2,CBJ,MTL,5,2,0
2025021272,2026-04-11,2,PHI,WPG,7,1,0
2025021273,2026-04-11,2,CGY,SEA,1,4,1
2025021274,2026-04-11,2,VGK,COL,3,2,0
2025021275,2026-04-11,2,VAN,SJS,4,3,0
2025021276,2026-04-12,2,PIT,WSH,0,3,1
2025021277,2026-04-12,2,MTL,NYI,4,1,0
2025021278,2026-04-12,2,BOS,CBJ,3,2,0
2025021279,2026-04-12,2,OTT,NJD,3,4,1
2025021280,2026-04-12,2,VAN,ANA,4,3,0
2025021281,2026-04-12,2,UTA,CGY,1,4,1
2025021282,2026-04-13,2,DET,TBL,3,4,1
2025021283,2026-04-13,2,NYR,FLA,2,3,1
2025021284,2026-04-13,2,CAR,PHI,2,3,1
2025021285,2026-04-13,2,DAL,TOR,6,5,0
2025021286,2026-04-13,2,MIN,STL,3,6,1
2025021287,2026-04-13,2,SJS,NSH,3,2,0
2025021288,2026-04-13,2,BUF,CHI,5,1,0
2025021289,2026-04-13,2,COL,EDM,2,1,0
2025021290,2026-04-13,2,WPG,VGK,2,6,1
2025021291,2026-04-13,2,LAK,SEA,5,3,0
2025021292,2026-04-14,2,NJD,BOS,0,4,1
2025021293,2026-04-14,2,CAR,NYI,2,1,0
2025021294,2026-04-14,2,MTL,PHI,2,4,1
2025021295,2026-04-14,2,WSH,CBJ,2,1,0
2025021296,2026-04-14,2,ANA,MIN,2,3,1
2025021297,2026-04-14,2,WPG,UTA,3,5,1
2025021298,2026-04-14,2,COL,CGY,3,1,0
2025021299,2026-04-14,2,PIT,STL,5,7,1
2025021300,2026-04-14,2,LAK,VAN,3,4,1
2025021301,2026-04-15,2,DAL,BUF,4,3,0
2025021302,2026-04-15,2,NYR,TBL,4,2,0
2025021303,2026-04-15,2,DET,FLA,1,8,1
2025021304,2026-04-15,2,TOR,OTT,1,3,1
2025021305,2026-04-15,2,SJS,CHI,2,5,1
2025021306,2026-04-15,2,SEA,VGK,1,4,1
2025021307,2026-04-16,2,ANA,NSH,5,4,0
2025021308,2026-04-16,2,SJS,WPG,6,1,0
2025021309,2026-04-16,2,STL,UTA,5,3,0
2025021310,2026-04-16,2,LAK,CGY,1,3,1
2025021311,2026-04-16,2,VAN,EDM,1,6,1
2025021312,2026-04-16,2,SEA,COL,0,2,1
2025030131,2026-04-18,3,OTT,CAR,0,2,1
2025030141,2026-04-18,3,PHI,PIT,3,2,0
2025030161,2026-04-18,3,MIN,DAL,6,1,0
2025030111,2026-04-19,3,BOS,BUF,3,4,1
2025030121,2026-04-19,3,MTL,TBL,4,3,0
2025030151,2026-04-19,3,LAK,COL,1,2,1
2025030171,2026-04-19,3,UTA,VGK,2,4,1
2025030132,2026-04-20,3,OTT,CAR,2,3,1
2025030142,2026-04-20,3,PHI,PIT,3,0,0
2025030162,2026-04-20,3,MIN,DAL,2,4,1
2025030181,2026-04-20,3,ANA,EDM,3,4,1
2025030112,2026-04-21,3,BOS,BUF,4,2,0
2025030122,2026-04-21,3,MTL,TBL,2,3,1
2025030152,2026-04-21,3,LAK,COL,1,2,1
2025030172,2026-04-21,3,UTA,VGK,3,2,0
2025030143,2026-04-22,3,PIT,PHI,2,5,1
2025030163,2026-04-22,3,DAL,MIN,4,3,0
2025030182,2026-04-22,3,ANA,EDM,6,4,0
2025030113,2026-04-23,3,BUF,BOS,3,1,0
2025030133,2026-04-23,3,CAR,OTT,2,1,0
2025030153,2026-04-23,3,COL,LAK,4,2,0
2025030123,2026-04-24,3,TBL,MTL,2,3,1
2025030173,2026-04-24,3,VGK,UTA,2,4,1
2025030183,2026-04-24,3,EDM,ANA,4,7,1
2025030134,2026-04-25,3,CAR,OTT,4,2,0
2025030144,2026-04-25,3,PIT,PHI,4,2,0
2025030164,2026-04-25,3,DAL,MIN,2,3,1
2025030114,2026-04-26,3,BUF,BOS,6,1,0
2025030124,2026-04-26,3,TBL,MTL,3,2,0
2025030154,2026-04-26,3,COL,LAK,5,1,0
2025030184,2026-04-26,3,EDM,ANA,3,4,1
2025030145,2026-04-27,3,PHI,PIT,2,3,1
2025030174,2026-04-27,3,VGK,UTA,5,4,0
2025030115,2026-04-28,3,BOS,BUF,2,1,0
2025030165,2026-04-28,3,MIN,DAL,4,2,0
2025030185,2026-04-28,3,ANA,EDM,1,4,1
2025030125,2026-04-29,3,MTL,TBL,3,2,0
2025030146,2026-04-29,3,PIT,PHI,0,1,1
2025030175,2026-04-29,3,UTA,VGK,4,5,1
2025030166,2026-04-30,3,DAL,MIN,2,5,1
2025030186,2026-04-30,3,EDM,ANA,2,5,1
2025030116,2026-05-01,3,BUF,BOS,4,1,0
2025030126,2026-05-01,3,TBL,MTL,1,0,0
2025030176,2026-05-01,3,VGK,UTA,5,1,0
2025030221,2026-05-02,3,PHI,CAR,0,3,1
2025030127,2026-05-03,3,MTL,TBL,2,1,0
2025030231,2026-05-03,3,MIN,COL,6,9,1
2025030222,2026-05-04,3,PHI,CAR,2,3,1
2025030241,2026-05-04,3,ANA,VGK,1,3,1
2025030232,2026-05-05,3,MIN,COL,2,5,1
2025030211,2026-05-06,3,MTL,BUF,2,4,1
2025030242,2026-05-06,3,ANA,VGK,3,1,0
2025030223,2026-05-07,3,CAR,PHI,4,1,0
2025030212,2026-05-08,3,MTL,BUF,5,1,0
2025030243,2026-05-08,3,VGK,ANA,6,2,0
2025030224,2026-05-09,3,CAR,PHI,3,2,0
2025030233,2026-05-09,3,COL,MIN,1,5,1
2025030213,2026-05-10,3,BUF,MTL,2,6,1
2025030244,2026-05-10,3,VGK,ANA,3,4,1
2025030234,2026-05-11,3,COL,MIN,5,2,0
2025030214,2026-05-12,3,BUF,MTL,3,2,0
2025030245,2026-05-12,3,ANA,VGK,2,3,1
2025030235,2026-05-13,3,MIN,COL,3,4,1
2025030215,2026-05-14,3,MTL,BUF,6,3,0
2025030246,2026-05-14,3,VGK,ANA,5,1,0
2025030216,2026-05-16,3,BUF,MTL,8,3,0
2025030217,2026-05-18,3,MTL,BUF,3,2,0
2025030321,2026-05-20,3,VGK,COL,4,2,0
2025030311,2026-05-21,3,MTL,CAR,6,2,0
2025030322,2026-05-22,3,VGK,COL,3,1,0
2025030312,2026-05-23,3,MTL,CAR,2,3,1
2025030323,2026-05-24,3,COL,VGK,3,5,1
2025030313,2026-05-25,3,CAR,MTL,3,2,0
2025030324,2026-05-26,3,COL,VGK,1,2,1
2025030314,2026-05-27,3,CAR,MTL,4,0,0
2025030315,2026-05-29,3,MTL,CAR,1,6,1
