bet_number,game_date,season_type,season_type_text,matchup,final_score,bet_side,candidate_side,candidate_team,bet_team,display_team,actual_winner,result,skip_reason,skip_reason_label,model_prob_pct,market_no_vig_prob_pct,break_even_prob_pct,model_edge_vs_break_even_pct,model_edge_vs_market_pct,american_odds,american_odds_text,decimal_odds,raw_kelly_fraction_pct,stake_fraction_pct,stake,profit,bankroll_after,placed
1,2026-03-19,2,Regular,NYR at CBJ,3-6,home,home,CBJ,CBJ,CBJ,CBJ,WIN,,,70.96,65.78,68.65,2.31,5.18,-219,-219,1.45662100456621,7.37,1.84,18.416723574573073,8.409462819439758,1008.4094628194398,True
2,2026-03-19,2,Regular,FLA at EDM,4-0,away,away,FLA,FLA,FLA,FLA,WIN,,,46.96,40.71,42.55,4.4,6.25,135,+135,2.35,7.67,1.92,19.327454630645022,26.09206375137078,1034.5015265708105,True
3,2026-03-19,2,Regular,PHI at LAK,4-3,skip,home,LAK,,LAK,PHI,SKIP,no_positive_kelly,No Positive Kelly,64.44,63.14,65.87,-1.43,1.3,-193,-193,1.5181347150259068,0.0,0.0,0.0,0.0,1034.5015265708105,False
4,2026-03-19,2,Regular,CHI at MIN,2-1,skip,away,CHI,,CHI,CHI,SKIP,no_positive_kelly,No Positive Kelly,36.45,36.91,38.61,-2.16,-0.46,159,+159,2.59,0.0,0.0,0.0,0.0,1034.5015265708105,False
5,2026-03-19,2,Regular,SEA at NSH,1-3,skip,away,SEA,,SEA,NSH,SKIP,no_positive_kelly,No Positive Kelly,48.74,48.05,50.25,-1.51,0.69,-101,-101,1.99009900990099,0.0,0.0,0.0,0.0,1034.5015265708105,False
6,2026-03-19,2,Regular,BUF at SJS,5-0,home,home,SJS,SJS,SJS,BUF,LOSS,,,46.67,43.33,45.25,1.43,3.35,121,+121,2.21,2.6,0.65,6.73424713870547,-6.73424713870547,1027.767279432105,True
7,2026-03-19,2,Regular,TBL at VAN,6-2,home,home,VAN,VAN,VAN,TBL,LOSS,,,39.53,25.88,27.1,12.43,13.65,269,+269,3.69,17.04,4.26,43.79361732988378,-43.79361732988378,983.9736621022212,True
8,2026-03-19,2,Regular,UTA at VGK,4-0,away,away,UTA,UTA,UTA,UTA,WIN,,,46.98,44.06,46.08,0.89,2.92,117,+117,2.17,1.66,0.41,4.07911229018528,4.772561379516777,988.746223481738,True
9,2026-03-20,2,Regular,FLA at CGY,1-4,skip,home,CGY,,CGY,CGY,SKIP,no_positive_kelly,No Positive Kelly,52.98,51.62,54.13,-1.15,1.36,-118,-118,1.847457627118644,0.0,0.0,0.0,0.0,988.746223481738,False
10,2026-03-20,2,Regular,COL at CHI,4-1,home,home,CHI,CHI,CHI,COL,LOSS,,,32.73,26.17,27.32,5.41,6.55,266,+266,3.66,7.44,1.86,18.38499213484308,-18.38499213484308,970.3612313468949,True
11,2026-03-20,2,Regular,CAR at TOR,4-3,away,away,CAR,CAR,CAR,CAR,WIN,,,70.36,66.02,69.14,1.22,4.34,-224,-224,1.4464285714285714,3.97,0.99,9.625149824004325,4.296941885716216,974.6581732326111,True
12,2026-03-20,2,Regular,NJD at WSH,1-2,skip,away,NJD,,NJD,WSH,SKIP,no_positive_kelly,No Positive Kelly,47.23,47.21,49.5,-2.28,0.02,102,+102,2.02,0.0,0.0,0.0,0.0,974.6581732326111,False
13,2026-03-21,2,Regular,SEA at CBJ,2-5,home,home,CBJ,CBJ,CBJ,CBJ,WIN,,,67.05,62.2,65.03,2.01,4.85,-186,-186,1.5376344086021505,5.75,1.44,14.008000115029978,7.531182857542999,982.1893560901541,True
14,2026-03-21,2,Regular,TBL at EDM,5-2,away,away,TBL,TBL,TBL,TBL,WIN,,,59.75,55.14,57.45,2.31,4.61,-135,-135,1.7407407407407407,5.42,1.36,13.317564251822466,9.864862408757382,992.0542184989115,True
15,2026-03-21,2,Regular,BUF at LAK,4-1,skip,home,LAK,,LAK,BUF,SKIP,no_positive_kelly,No Positive Kelly,46.31,45.84,47.85,-1.53,0.47,109,+109,2.09,0.0,0.0,0.0,0.0,992.0542184989115,False
16,2026-03-21,2,Regular,DAL at MIN,1-2,skip,away,DAL,,DAL,MIN,SKIP,no_positive_kelly,No Positive Kelly,56.88,55.03,57.45,-0.57,1.85,-135,-135,1.7407407407407407,0.0,0.0,0.0,0.0,992.0542184989115,False
17,2026-03-21,2,Regular,VGK at NSH,1-4,home,home,NSH,NSH,NSH,NSH,WIN,,,52.3,41.64,43.48,8.82,10.66,130,+130,2.3,15.61,3.9,38.70567585215605,50.31737860780286,1042.3715971067143,True
18,2026-03-21,2,Regular,TOR at OTT,2-5,away,away,TOR,TOR,TOR,OTT,LOSS,,,32.61,26.98,28.25,4.36,5.63,254,+254,3.54,6.07,1.52,15.827175543247305,-15.827175543247305,1026.544421563467,True
19,2026-03-21,2,Regular,WPG at PIT,4-5,away,away,WPG,WPG,WPG,PIT,LOSS,,,43.3,40.87,42.74,0.56,2.43,134,+134,2.34,0.99,0.25,2.529657637158561,-2.529657637158561,1024.0147639263084,True
20,2026-03-21,2,Regular,PHI at SJS,4-1,skip,away,PHI,,PHI,PHI,SKIP,no_positive_kelly,No Positive Kelly,47.49,46.79,49.02,-1.53,0.7,104,+104,2.04,0.0,0.0,0.0,0.0,1024.0147639263084,False
21,2026-03-21,2,Regular,STL at VAN,3-1,home,home,VAN,VAN,VAN,STL,LOSS,,,51.22,42.73,44.64,6.58,8.49,124,+124,2.24,11.88,2.97,30.41403986499385,-30.41403986499385,993.6007240613146,True
22,2026-03-22,2,Regular,TBL at CGY,3-4,home,home,CGY,CGY,CGY,CGY,WIN,,,41.9,39.08,40.98,0.92,2.83,144,+144,2.44,1.56,0.39,3.8724405889195133,5.576314448044099,999.1770385093587,True
23,2026-03-22,2,Regular,NSH at CHI,3-2,home,home,CHI,CHI,CHI,NSH,LOSS,,,51.98,48.82,51.22,0.76,3.16,-105,-105,1.9523809523809523,1.55,0.39,3.873424175722184,-3.873424175722184,995.3036143336365,True
24,2026-03-22,2,Regular,VGK at DAL,3-2,skip,home,DAL,,DAL,VGK,SKIP,no_positive_kelly,No Positive Kelly,55.58,55.11,57.63,-2.04,0.48,-136,-136,1.7352941176470589,0.0,0.0,0.0,0.0,995.3036143336365,False
25,2026-03-22,2,Regular,LAK at UTA,3-4,skip,away,LAK,,LAK,UTA,SKIP,no_positive_kelly,No Positive Kelly,40.33,38.83,40.65,-0.32,1.5,146,+146,2.46,0.0,0.0,0.0,0.0,995.3036143336365,False
26,2026-03-22,2,Regular,COL at WSH,3-2,home,home,WSH,WSH,WSH,COL,LOSS,,,45.25,40.14,41.84,3.41,5.12,139,+139,2.39,5.87,1.47,14.60046827010335,-14.60046827010335,980.7031460635332,True
27,2026-03-23,2,Regular,OTT at NYR,2-1,away,away,OTT,OTT,OTT,OTT,WIN,,,65.99,62.96,65.64,0.35,3.02,-191,-191,1.5235602094240837,1.02,0.25,2.4980841500184647,1.3078974607426515,982.0110435242758,True
28,2026-03-24,2,Regular,TOR at BOS,4-2,skip,away,TOR,,TOR,TOR,SKIP,no_positive_kelly,No Positive Kelly,35.9,35.38,37.04,-1.14,0.51,170,+170,2.7,0.0,0.0,0.0,0.0,982.0110435242758,False
29,2026-03-24,2,Regular,NJD at DAL,6-4,away,away,NJD,NJD,NJD,NJD,WIN,,,44.72,39.88,41.67,3.05,4.84,140,+140,2.4,5.23,1.31,12.833607857306424,17.96705100022899,999.9780945245047,True
30,2026-03-24,2,Regular,OTT at DET,3-2,skip,home,DET,,DET,OTT,SKIP,no_positive_kelly,No Positive Kelly,56.47,55.3,57.81,-1.34,1.17,-137,-137,1.72992700729927,0.0,0.0,0.0,0.0,999.9780945245047,False
31,2026-03-24,2,Regular,CAR at MTL,2-5,home,home,MTL,MTL,MTL,MTL,WIN,,,54.35,46.46,48.54,5.8,7.89,106,+106,2.06,11.28,2.82,28.190310158202113,29.88172876769424,1029.859823292199,True
32,2026-03-24,2,Regular,SJS at NSH,3-6,skip,home,NSH,,NSH,NSH,SKIP,no_positive_kelly,No Positive Kelly,56.61,56.2,58.85,-2.24,0.41,-143,-143,1.6993006993006992,0.0,0.0,0.0,0.0,1029.859823292199,False
33,2026-03-24,2,Regular,CHI at NYI,4-3,away,away,CHI,CHI,CHI,CHI,WIN,,,45.35,39.93,41.67,3.69,5.42,140,+140,2.4,6.32,1.58,16.272427377687052,22.78139832876187,1052.641221620961,True
34,2026-03-24,2,Regular,CBJ at PHI,3-2,home,home,PHI,PHI,PHI,CBJ,LOSS,,,51.0,44.86,46.73,4.27,6.14,114,+114,2.14,8.01,2.0,21.085124494977407,-21.085124494977407,1031.5560971259836,True
35,2026-03-24,2,Regular,COL at PIT,6-2,skip,home,PIT,,PIT,COL,SKIP,no_positive_kelly,No Positive Kelly,40.84,39.82,41.67,-0.82,1.02,140,+140,2.4,0.0,0.0,0.0,0.0,1031.5560971259836,False
36,2026-03-24,2,Regular,MIN at TBL,3-6,away,away,MIN,MIN,MIN,TBL,LOSS,,,50.06,41.75,43.67,6.39,8.31,129,+129,2.29,11.34,2.83,29.243970123157396,-29.243970123157396,1002.3121270028262,True
37,2026-03-24,2,Regular,EDM at UTA,5-2,away,away,EDM,EDM,EDM,EDM,WIN,,,49.15,44.7,46.73,2.42,4.45,114,+114,2.14,4.54,1.14,11.38200437248469,12.975484984632548,1015.2876119874587,True
38,2026-03-24,2,Regular,ANA at VAN,5-3,home,home,VAN,VAN,VAN,ANA,LOSS,,,42.69,37.26,38.91,3.78,5.43,157,+157,2.5700000000000003,6.19,1.55,15.708895854198976,-15.708895854198976,999.5787161332597,True
39,2026-03-24,2,Regular,VGK at WPG,1-4,home,home,WPG,WPG,WPG,WPG,WIN,,,48.55,45.09,47.17,1.38,3.46,112,+112,2.12,2.61,0.65,6.521604242434358,7.304196751526481,1006.8829128847862,True
40,2026-03-25,2,Regular,BOS at BUF,4-3,away,away,BOS,BOS,BOS,BOS,WIN,,,38.96,35.26,36.9,2.06,3.69,171,+171,2.71,3.26,0.81,8.204930107303369,14.030430483488761,1020.9133433682749,True
41,2026-03-25,2,Regular,NYR at TOR,3-4,home,home,TOR,TOR,TOR,TOR,WIN,,,49.76,45.36,47.39,2.37,4.4,111,+111,2.1100000000000003,4.5,1.13,11.486019975446517,12.749482172745637,1033.6628255410205,True
42,2026-03-26,2,Regular,ANA at CGY,3-2,home,home,CGY,CGY,CGY,ANA,LOSS,,,50.12,45.56,47.62,2.5,4.56,110,+110,2.1,4.77,1.19,12.336578295398002,-12.336578295398002,1021.3262472456225,True
43,2026-03-26,2,Regular,MIN at FLA,3-2,home,home,FLA,FLA,FLA,MIN,LOSS,,,46.99,40.5,42.19,4.79,6.48,137,+137,2.37,8.29,2.07,21.178268333793554,-21.178268333793554,1000.147978911829,True
44,2026-03-26,2,Regular,NJD at NSH,4-2,skip,home,NSH,,NSH,NJD,SKIP,no_positive_kelly,No Positive Kelly,52.73,50.64,53.27,-0.54,2.09,-114,-114,1.8771929824561404,0.0,0.0,0.0,0.0,1000.147978911829,False
45,2026-03-26,2,Regular,DAL at NYI,1-2,skip,home,NYI,,NYI,NYI,SKIP,no_positive_kelly,No Positive Kelly,47.72,47.39,49.5,-1.79,0.32,102,+102,2.02,0.0,0.0,0.0,0.0,1000.147978911829,False
46,2026-03-26,2,Regular,PIT at OTT,4-3,away,away,PIT,PIT,PIT,PIT,WIN,,,47.92,42.49,44.44,3.47,5.43,125,+125,2.25,6.25,1.56,15.622636349391904,19.52829543673988,1019.6762743485689,True
47,2026-03-26,2,Regular,CHI at PHI,1-5,away,away,CHI,CHI,CHI,PHI,LOSS,,,46.36,42.97,44.84,1.52,3.39,123,+123,2.23,2.75,0.69,7.016239211814042,-7.016239211814042,1012.6600351367548,True
48,2026-03-26,2,Regular,SJS at STL,1-2,skip,home,STL,,STL,STL,SKIP,no_positive_kelly,No Positive Kelly,56.56,54.32,56.9,-0.33,2.24,-132,-132,1.7575757575757576,0.0,0.0,0.0,0.0,1012.6600351367548,False
49,2026-03-26,2,Regular,SEA at TBL,4-3,skip,away,SEA,,SEA,SEA,SKIP,no_positive_kelly,No Positive Kelly,27.64,28.53,29.76,-2.12,-0.89,236,+236,3.36,0.0,0.0,0.0,0.0,1012.6600351367548,False
50,2026-03-26,2,Regular,WSH at UTA,7-4,skip,home,UTA,,UTA,WSH,SKIP,no_positive_kelly,No Positive Kelly,52.6,52.06,53.49,-0.89,0.54,-115,-115,1.869565217391304,0.0,0.0,0.0,0.0,1012.6600351367548,False
51,2026-03-26,2,Regular,LAK at VAN,4-0,home,home,VAN,VAN,VAN,LAK,LOSS,,,44.28,38.17,39.84,4.43,6.11,151,+151,2.51,7.37,1.84,18.662076223728548,-18.662076223728548,993.9979589130262,True
52,2026-03-26,2,Regular,EDM at VGK,4-3,away,away,EDM,EDM,EDM,EDM,WIN,,,59.43,43.19,45.25,14.18,16.24,121,+121,2.21,25.9,6.48,64.36368391213416,77.88005753368233,1071.8780164467084,True
53,2026-03-26,2,Regular,COL at WPG,3-2,away,away,COL,COL,COL,COL,WIN,,,70.49,62.11,65.03,5.46,8.39,-186,-186,1.5376344086021505,15.61,3.9,41.83929362916874,22.494243886649862,1094.3722603333583,True
54,2026-03-27,2,Regular,CHI at NYR,1-6,away,away,CHI,CHI,CHI,NYR,LOSS,,,43.25,38.83,40.65,2.59,4.41,146,+146,2.46,4.37,1.09,11.96230132086716,-11.96230132086716,1082.409959012491,True
55,2026-03-28,2,Regular,SEA at BUF,2-3,away,away,SEA,SEA,SEA,BUF,LOSS,,,41.86,37.14,38.91,2.95,4.73,157,+157,2.5700000000000003,4.84,1.21,13.086077879419191,-13.086077879419191,1069.3238811330718,True
56,2026-03-28,2,Regular,NJD at CAR,2-5,away,away,NJD,NJD,NJD,CAR,LOSS,,,42.17,36.12,37.88,4.29,6.05,164,+164,2.64,6.9,1.73,18.445996728891444,-18.445996728891444,1050.8778844041803,True
57,2026-03-28,2,Regular,SJS at CBJ,3-2,home,home,CBJ,CBJ,CBJ,SJS,LOSS,,,67.61,63.14,65.87,1.74,4.48,-193,-193,1.5181347150259068,5.11,1.28,13.413924892004772,-13.413924892004772,1037.4639595121755,True
58,2026-03-28,2,Regular,VAN at CGY,3-7,away,away,VAN,VAN,VAN,CGY,LOSS,,,48.1,40.24,42.02,6.08,7.86,138,+138,2.38,10.48,2.62,27.192446886878024,-27.192446886878024,1010.2715126252975,True
59,2026-03-28,2,Regular,WPG at COL,4-2,skip,home,COL,,COL,WPG,SKIP,no_positive_kelly,No Positive Kelly,72.33,70.14,73.19,-0.86,2.18,-273,-273,1.3663003663003663,0.0,0.0,0.0,0.0,1010.2715126252975,False
60,2026-03-28,2,Regular,PHI at DET,5-3,away,away,PHI,PHI,PHI,PHI,WIN,,,50.51,45.84,47.85,2.66,4.66,109,+109,2.09,5.1,1.28,12.883665175151041,14.043195040914632,1024.3147076662121,True
61,2026-03-28,2,Regular,UTA at LAK,6-2,away,away,UTA,UTA,UTA,UTA,WIN,,,60.17,54.86,56.52,3.64,5.31,-130,-130,1.7692307692307692,8.38,2.1,21.46322635908074,16.510174122369797,1040.824881788582,True
62,2026-03-28,2,Regular,FLA at NYI,2-5,away,away,FLA,FLA,FLA,NYI,LOSS,,,41.27,35.71,37.45,3.82,5.56,167,+167,2.67,6.1,1.53,15.877449697602936,-15.877449697602936,1024.947432090979,True
63,2026-03-28,2,Regular,TOR at STL,1-5,away,away,TOR,TOR,TOR,STL,LOSS,,,46.1,42.73,44.64,1.45,3.37,124,+124,2.24,2.63,0.66,6.733506265621456,-6.733506265621456,1018.2139258253575,True
64,2026-03-28,2,Regular,OTT at TBL,2-4,away,away,OTT,OTT,OTT,TBL,LOSS,,,49.08,44.66,46.51,2.57,4.42,115,+115,2.15,4.81,1.2,12.23199248531097,-12.23199248531097,1005.9819333400465,True
65,2026-03-28,2,Regular,WSH at VGK,5-4,away,away,WSH,WSH,WSH,WSH,WIN,,,52.29,41.46,43.48,8.82,10.83,130,+130,2.3,15.6,3.9,39.226784420665034,50.994819746864536,1056.976753086911,True
66,2026-03-29,2,Regular,MTL at CAR,3-1,away,away,MTL,MTL,MTL,MTL,WIN,,,46.79,39.47,41.32,5.47,7.32,142,+142,2.42,9.32,2.33,24.62914066983834,34.97337975117044,1091.9501328380813,True
67,2026-03-29,2,Regular,BOS at CBJ,4-3,skip,away,BOS,,BOS,BOS,SKIP,no_positive_kelly,No Positive Kelly,43.47,41.7,43.48,-0.01,1.77,130,+130,2.3,0.0,0.0,0.0,0.0,1091.9501328380813,False
68,2026-03-29,2,Regular,CHI at NJD,3-5,away,away,CHI,CHI,CHI,NJD,LOSS,,,46.4,39.98,41.84,4.55,6.42,139,+139,2.39,7.83,1.96,21.37610665592972,-21.37610665592972,1070.5740261821516,True
69,2026-03-29,2,Regular,FLA at NYR,1-3,away,away,FLA,FLA,FLA,NYR,LOSS,,,47.26,38.22,39.84,7.42,9.05,151,+151,2.51,12.34,3.08,33.021824553590314,-33.021824553590314,1037.5522016285613,True
70,2026-03-29,2,Regular,DAL at PHI,1-2,home,home,PHI,PHI,PHI,PHI,WIN,,,44.17,39.17,40.98,3.19,5.0,144,+144,2.44,5.4,1.35,14.018764412187897,20.18702075355057,1057.7392223821118,True
71,2026-03-29,2,Regular,NSH at TBL,2-3,away,away,NSH,NSH,NSH,TBL,LOSS,,,40.63,37.89,39.68,0.94,2.73,152,+152,2.52,1.56,0.39,4.13475113272124,-4.13475113272124,1053.6044712493906,True
72,2026-03-30,2,Regular,TOR at ANA,5-4,home,home,ANA,ANA,ANA,TOR,LOSS,,,69.92,62.78,65.64,4.29,7.14,-191,-191,1.5235602094240837,12.47,3.12,32.853025075555294,-32.853025075555294,1020.7514461738353,True
73,2026-03-30,2,Regular,CGY at COL,2-9,away,away,CGY,CGY,CGY,COL,LOSS,,,27.33,23.15,24.21,3.12,4.19,313,+313,4.13,4.12,1.03,10.50914381671279,-10.50914381671279,1010.2423023571225,True
74,2026-03-30,2,Regular,PIT at NYI,8-3,skip,away,PIT,,PIT,PIT,SKIP,no_positive_kelly,No Positive Kelly,45.82,45.68,47.85,-2.03,0.14,109,+109,2.09,0.0,0.0,0.0,0.0,1010.2423023571225,False
75,2026-03-30,2,Regular,STL at SJS,4-5,away,away,STL,STL,STL,SJS,LOSS,,,59.85,50.11,52.61,7.24,9.74,-111,-111,1.900900900900901,15.28,3.82,38.583911989046555,-38.583911989046555,971.658390368076,True
76,2026-03-30,2,Regular,VAN at VGK,2-4,skip,away,VAN,,VAN,VGK,SKIP,no_positive_kelly,No Positive Kelly,25.34,24.73,25.91,-0.57,0.61,286,+286,3.86,0.0,0.0,0.0,0.0,971.658390368076,False
77,2026-03-31,2,Regular,NYI at BUF,3-4,skip,away,NYI,,NYI,BUF,SKIP,no_positive_kelly,No Positive Kelly,38.23,38.74,40.49,-2.25,-0.51,147,+147,2.47,0.0,0.0,0.0,0.0,971.658390368076,False
78,2026-03-31,2,Regular,CAR at CBJ,5-2,skip,home,CBJ,,CBJ,CAR,SKIP,no_positive_kelly,No Positive Kelly,47.27,45.76,47.85,-0.58,1.51,109,+109,2.09,0.0,0.0,0.0,0.0,971.658390368076,False
79,2026-03-31,2,Regular,WPG at CHI,4-3,home,home,CHI,CHI,CHI,WPG,LOSS,,,47.8,41.58,43.48,4.32,6.22,130,+130,2.3,7.65,1.91,18.57870101749055,-18.57870101749055,953.0796893505855,True
80,2026-03-31,2,Regular,SEA at EDM,0-3,away,away,SEA,SEA,SEA,EDM,LOSS,,,49.3,37.39,39.06,10.24,11.9,156,+156,2.56,16.8,4.2,40.02345317071154,-40.02345317071154,913.056236179874,True
81,2026-03-31,2,Regular,OTT at FLA,3-6,away,away,OTT,OTT,OTT,FLA,LOSS,,,69.84,62.24,65.16,4.68,7.6,-187,-187,1.53475935828877,13.44,3.36,30.682790075071246,-30.682790075071246,882.3734461048027,True
82,2026-03-31,2,Regular,NJD at NYR,1-4,away,away,NJD,NJD,NJD,NYR,LOSS,,,58.09,53.63,56.14,1.95,4.46,-128,-128,1.78125,4.45,1.11,9.80860503716383,-9.80860503716383,872.5648410676389,True
83,2026-03-31,2,Regular,MTL at TBL,4-1,away,away,MTL,MTL,MTL,MTL,WIN,,,50.25,39.18,40.82,9.43,11.07,145,+145,2.45,15.93,3.98,34.755133749904196,50.39494393736109,922.959785005,True
84,2026-04-01,2,Regular,VAN at COL,8-6,skip,away,VAN,,VAN,VAN,SKIP,no_positive_kelly,No Positive Kelly,21.46,20.94,21.83,-0.37,0.52,358,+358,4.58,0.0,0.0,0.0,0.0,922.959785005,False
85,2026-04-01,2,Regular,ANA at SJS,3-4,skip,home,SJS,,SJS,SJS,SKIP,no_positive_kelly,No Positive Kelly,50.52,49.89,52.38,-1.87,0.62,-110,-110,1.9090909090909087,0.0,0.0,0.0,0.0,922.959785005,False
86,2026-04-02,2,Regular,CBJ at CAR,1-5,away,away,CBJ,CBJ,CBJ,CAR,LOSS,,,53.19,36.36,38.02,15.17,16.83,163,+163,2.63,24.47,6.12,56.46509962823773,-56.46509962823773,866.4946853767623,True
87,2026-04-02,2,Regular,WPG at DAL,0-3,away,away,WPG,WPG,WPG,DAL,LOSS,,,55.0,41.58,43.48,11.52,13.42,130,+130,2.3,20.38,5.09,44.14275224225191,-44.14275224225191,822.3519331345103,True
88,2026-04-02,2,Regular,CHI at EDM,1-3,away,away,CHI,CHI,CHI,EDM,LOSS,,,36.75,33.19,34.72,2.03,3.56,188,+188,2.88,3.11,0.78,6.385375204781183,-6.385375204781183,815.9665579297291,True
89,2026-04-02,2,Regular,BOS at FLA,1-2,skip,home,FLA,,FLA,FLA,SKIP,no_positive_kelly,No Positive Kelly,41.12,39.98,41.67,-0.54,1.14,140,+140,2.4,0.0,0.0,0.0,0.0,815.9665579297291,False
90,2026-04-02,2,Regular,VAN at MIN,2-5,away,away,VAN,VAN,VAN,MIN,LOSS,,,27.84,21.2,22.12,5.72,6.65,352,+352,4.52,7.35,1.84,14.985915758421784,-14.985915758421784,800.9806421713073,True
91,2026-04-02,2,Regular,TOR at SJS,1-4,skip,away,TOR,,TOR,SJS,SKIP,no_positive_kelly,No Positive Kelly,46.33,44.51,46.51,-0.19,1.81,115,+115,2.15,0.0,0.0,0.0,0.0,800.9806421713073,False
92,2026-04-02,2,Regular,PIT at TBL,3-6,away,away,PIT,PIT,PIT,TBL,LOSS,,,46.58,40.5,42.19,4.39,6.08,137,+137,2.37,7.59,1.9,15.198179862484416,-15.198179862484416,785.7824623088229,True
93,2026-04-02,2,Regular,CGY at VGK,3-6,skip,home,VGK,,VGK,VGK,SKIP,no_positive_kelly,No Positive Kelly,69.32,68.16,71.35,-2.02,1.17,-249,-249,1.4016064257028114,0.0,0.0,0.0,0.0,785.7824623088229,False
94,2026-04-03,2,Regular,STL at ANA,6-2,skip,home,ANA,,ANA,STL,SKIP,no_positive_kelly,No Positive Kelly,58.24,56.12,58.68,-0.44,2.11,-142,-142,1.704225352112676,0.0,0.0,0.0,0.0,785.7824623088229,False
95,2026-04-03,2,Regular,PHI at NYI,4-1,away,away,PHI,PHI,PHI,PHI,WIN,,,46.35,42.19,44.25,2.11,4.16,126,+126,2.26,3.78,0.94,7.42283395703362,9.35277078586236,795.1352330946853,True
96,2026-04-04,2,Regular,CGY at ANA,5-3,away,away,CGY,CGY,CGY,CGY,WIN,,,44.42,42.21,44.05,0.36,2.21,127,+127,2.27,0.65,0.16,1.2953616160994585,1.6451092524463125,796.7803423471316,True
97,2026-04-04,2,Regular,NYI at CAR,3-4,home,home,CAR,CAR,CAR,CAR,WIN,,,78.21,69.1,72.38,5.83,9.11,-262,-262,1.381679389312977,21.12,5.28,42.072679480556545,16.058274610899442,812.838616958031,True
98,2026-04-04,2,Regular,WPG at CBJ,2-1,skip,away,WPG,,WPG,WPG,SKIP,no_positive_kelly,No Positive Kelly,43.74,42.55,44.44,-0.71,1.18,125,+125,2.25,0.0,0.0,0.0,0.0,812.838616958031,False
99,2026-04-04,2,Regular,COL at DAL,2-0,away,away,COL,COL,COL,COL,WIN,,,58.01,52.39,54.75,3.26,5.62,-121,-121,1.8264462809917357,7.2,1.8,14.63989168170559,12.099084034467431,824.9377009924984,True
100,2026-04-04,2,Regular,VGK at EDM,5-1,skip,away,VGK,,VGK,VGK,SKIP,no_positive_kelly,No Positive Kelly,51.96,49.89,52.38,-0.42,2.07,-110,-110,1.9090909090909087,0.0,0.0,0.0,0.0,824.9377009924984,False
101,2026-04-04,2,Regular,TOR at LAK,6-7,away,away,TOR,TOR,TOR,LAK,LOSS,,,43.54,35.61,37.17,6.36,7.92,169,+169,2.69,10.13,2.53,20.881527866155068,-20.881527866155068,804.0561731263433,True
102,2026-04-04,2,Regular,MTL at NJD,4-3,away,away,MTL,MTL,MTL,MTL,WIN,,,55.99,53.25,55.56,0.43,2.74,-125,-125,1.8,0.98,0.24,1.9651624052486705,1.5721299241989364,805.6283030505423,True
103,2026-04-04,2,Regular,DET at NYR,1-4,home,home,NYR,NYR,NYR,NYR,WIN,,,47.01,43.26,45.25,1.76,3.75,121,+121,2.21,3.21,0.8,6.46742175567735,7.825580324369593,813.4538833749119,True
104,2026-04-04,2,Regular,MIN at OTT,4-1,away,away,MIN,MIN,MIN,MIN,WIN,,,47.69,45.56,47.62,0.07,2.13,110,+110,2.1,0.14,0.03,0.2745623380800482,0.30201857188805303,813.7559019468,True
105,2026-04-04,2,Regular,FLA at PIT,4-9,away,away,FLA,FLA,FLA,PIT,LOSS,,,39.53,32.06,33.56,5.98,7.47,198,+198,2.98,8.99,2.25,18.2990922482684,-18.2990922482684,795.4568096985316,True
106,2026-04-04,2,Regular,CHI at SEA,4-2,skip,home,SEA,,SEA,CHI,SKIP,no_positive_kelly,No Positive Kelly,62.09,60.78,63.5,-1.42,1.31,-174,-174,1.5747126436781609,0.0,0.0,0.0,0.0,795.4568096985316,False
107,2026-04-04,2,Regular,NSH at SJS,6-3,skip,away,NSH,,NSH,NSH,SKIP,no_positive_kelly,No Positive Kelly,47.98,47.95,50.25,-2.27,0.03,-101,-101,1.99009900990099,0.0,0.0,0.0,0.0,795.4568096985316,False
108,2026-04-04,2,Regular,BOS at TBL,1-3,away,away,BOS,BOS,BOS,TBL,LOSS,,,40.99,38.79,40.49,0.5,2.2,147,+147,2.47,0.84,0.21,1.680268015461471,-1.680268015461471,793.7765416830701,True
109,2026-04-04,2,Regular,UTA at VAN,7-4,home,home,VAN,VAN,VAN,UTA,LOSS,,,34.55,33.07,34.48,0.06,1.48,190,+190,2.9,0.1,0.02,0.1966267572057994,-0.1966267572057994,793.5799149258644,True
110,2026-04-04,2,Regular,BUF at WSH,2-6,away,away,BUF,BUF,BUF,WSH,LOSS,,,58.23,51.08,53.49,4.75,7.15,-115,-115,1.869565217391304,10.2,2.55,20.239953197769317,-20.239953197769317,773.3399617280951,True
111,2026-04-05,2,Regular,STL at COL,3-2,away,away,STL,STL,STL,STL,WIN,,,51.69,36.78,38.31,13.38,14.92,161,+161,2.6100000000000003,21.69,5.42,41.92587488204679,67.50065856009535,840.8406202881904,True
112,2026-04-05,2,Regular,MIN at DET,5-4,skip,away,MIN,,MIN,MIN,SKIP,no_positive_kelly,No Positive Kelly,56.14,55.03,57.45,-1.3,1.12,-135,-135,1.7407407407407407,0.0,0.0,0.0,0.0,840.8406202881904,False
113,2026-04-05,2,Regular,NJD at MTL,3-0,away,away,NJD,NJD,NJD,NJD,WIN,,,50.35,43.19,45.25,5.1,7.16,121,+121,2.21,9.32,2.33,19.59034022349111,23.704311670424243,864.5449319586146,True
114,2026-04-05,2,Regular,CAR at OTT,3-6,away,away,CAR,CAR,CAR,OTT,LOSS,,,56.15,52.7,55.16,0.99,3.45,-123,-123,1.8130081300813008,2.21,0.55,4.782188557499703,-4.782188557499703,859.7627434011149,True
115,2026-04-05,2,Regular,BOS at PHI,1-2,away,away,BOS,BOS,BOS,PHI,LOSS,,,53.13,41.04,42.74,10.4,12.09,134,+134,2.34,18.15,4.54,39.021873901957996,-39.021873901957996,820.7408694991569,True
116,2026-04-05,2,Regular,FLA at PIT,2-5,away,away,FLA,FLA,FLA,PIT,LOSS,,,39.09,32.26,33.78,5.31,6.83,196,+196,2.96,8.01,2.0,16.443397672320334,-16.443397672320334,804.2974718268366,True
117,2026-04-06,2,Regular,TBL at BUF,2-4,skip,away,TBL,,TBL,BUF,SKIP,no_positive_kelly,No Positive Kelly,52.83,51.83,54.34,-1.51,0.99,-119,-119,1.8403361344537816,0.0,0.0,0.0,0.0,804.2974718268366,False
118,2026-04-06,2,Regular,CHI at SJS,2-3,skip,away,CHI,,CHI,SJS,SKIP,no_positive_kelly,No Positive Kelly,42.41,40.82,42.55,-0.15,1.59,135,+135,2.35,0.0,0.0,0.0,0.0,804.2974718268366,False
119,2026-04-06,2,Regular,SEA at WPG,2-6,skip,away,SEA,,SEA,WPG,SKIP,no_positive_kelly,No Positive Kelly,39.88,39.57,41.32,-1.44,0.31,142,+142,2.42,0.0,0.0,0.0,0.0,804.2974718268366,False
120,2026-04-07,2,Regular,NSH at ANA,5-0,away,away,NSH,NSH,NSH,NSH,WIN,,,52.13,41.75,43.67,8.46,10.38,129,+129,2.29,15.02,3.75,30.19957107516243,38.957446686959535,843.2549185137962,True
121,2026-04-07,2,Regular,BOS at CAR,5-6,skip,away,BOS,,BOS,CAR,SKIP,no_positive_kelly,No Positive Kelly,37.98,37.35,39.06,-1.08,0.63,156,+156,2.56,0.0,0.0,0.0,0.0,843.2549185137962,False
122,2026-04-07,2,Regular,CGY at DAL,3-4,home,home,DAL,DAL,DAL,DAL,WIN,,,79.4,68.99,72.22,7.18,10.41,-260,-260,1.3846153846153846,25.84,6.46,54.46442297988718,20.9478549922643,864.2027735060605,True
123,2026-04-07,2,Regular,SEA at MIN,2-5,away,away,SEA,SEA,SEA,MIN,LOSS,,,37.19,30.69,32.15,5.03,6.49,211,+211,3.11,7.42,1.85,16.027013513039726,-16.027013513039726,848.1757599930207,True
124,2026-04-07,2,Regular,FLA at MTL,3-4,skip,home,MTL,,MTL,MTL,SKIP,no_positive_kelly,No Positive Kelly,72.18,70.97,74.29,-2.11,1.22,-289,-289,1.3460207612456747,0.0,0.0,0.0,0.0,848.1757599930207,False
125,2026-04-07,2,Regular,TBL at OTT,2-6,skip,away,TBL,,TBL,OTT,SKIP,no_positive_kelly,No Positive Kelly,45.32,44.06,46.08,-0.76,1.26,117,+117,2.17,0.0,0.0,0.0,0.0,848.1757599930207,False
126,2026-04-07,2,Regular,COL at STL,3-1,home,home,STL,STL,STL,COL,LOSS,,,45.46,41.25,43.1,2.36,4.21,132,+132,2.3200000000000003,4.14,1.04,8.787711702021806,-8.787711702021806,839.3880482909989,True
127,2026-04-07,2,Regular,EDM at UTA,5-6,away,away,EDM,EDM,EDM,UTA,LOSS,,,56.5,44.55,46.3,10.2,11.95,116,+116,2.16,19.0,4.75,39.86881286032652,-39.86881286032652,799.5192354306723,True
128,2026-04-07,2,Regular,VGK at VAN,2-1,home,home,VAN,VAN,VAN,VGK,LOSS,,,34.43,30.81,32.26,2.17,3.62,210,+210,3.1,3.2,0.8,6.404764278204317,-6.404764278204317,793.114471152468,True
129,2026-04-08,2,Regular,BUF at NYR,5-3,home,home,NYR,NYR,NYR,BUF,LOSS,,,50.49,44.59,46.51,3.97,5.9,115,+115,2.15,7.43,1.86,14.733465491801768,-14.733465491801768,778.3810056606662,True
130,2026-04-08,2,Regular,EDM at SJS,5-2,home,home,SJS,SJS,SJS,EDM,LOSS,,,55.08,49.79,52.38,2.7,5.3,-110,-110,1.9090909090909087,5.67,1.42,11.039737717596813,-11.039737717596813,767.3412679430694,True
131,2026-04-08,2,Regular,WSH at TOR,4-0,home,home,TOR,TOR,TOR,WSH,LOSS,,,43.71,41.37,43.1,0.61,2.35,132,+132,2.3200000000000003,1.07,0.27,2.0582195613192025,-2.0582195613192025,765.2830483817502,True
132,2026-04-09,2,Regular,SJS at ANA,1-6,away,away,SJS,SJS,SJS,ANA,LOSS,,,48.13,39.83,41.49,6.64,8.3,141,+141,2.41,11.35,2.84,21.710319463070626,-21.710319463070626,743.5727289186796,True
133,2026-04-09,2,Regular,CGY at COL,1-3,away,away,CGY,CGY,CGY,COL,LOSS,,,40.76,25.81,27.03,13.73,14.94,270,+270,3.7,18.82,4.7,34.97657304254324,-34.97657304254324,708.5961558761363,True
134,2026-04-09,2,Regular,VAN at LAK,1-4,skip,away,VAN,,VAN,LAK,SKIP,no_positive_kelly,No Positive Kelly,28.73,28.61,29.85,-1.12,0.13,235,+235,3.35,0.0,0.0,0.0,0.0,708.5961558761363,False
135,2026-04-09,2,Regular,TBL at MTL,1-2,away,away,TBL,TBL,TBL,MTL,LOSS,,,56.97,52.17,54.55,2.42,4.79,-120,-120,1.8333333333333333,5.33,1.33,9.438461877572356,-9.438461877572356,699.157693998564,True
136,2026-04-09,2,Regular,TOR at NYI,3-5,away,away,TOR,TOR,TOR,NYI,LOSS,,,30.04,28.19,29.41,0.63,1.86,240,+240,3.4,0.89,0.22,1.558345199518911,-1.558345199518911,697.5993487990451,True
137,2026-04-09,2,Regular,FLA at OTT,1-5,skip,away,FLA,,FLA,OTT,SKIP,no_positive_kelly,No Positive Kelly,24.41,23.86,24.88,-0.47,0.55,302,+302,4.02,0.0,0.0,0.0,0.0,697.5993487990451,False
138,2026-04-09,2,Regular,VGK at SEA,3-4,away,away,VGK,VGK,VGK,SEA,LOSS,,,68.61,63.47,66.33,2.28,5.14,-197,-197,1.5076142131979695,6.78,1.69,11.820109476864491,-11.820109476864491,685.7792393221806,True
139,2026-04-09,2,Regular,NSH at UTA,1-4,away,away,NSH,NSH,NSH,UTA,LOSS,,,40.34,38.59,40.16,0.18,1.75,149,+149,2.49,0.31,0.08,0.5235779934426524,-0.5235779934426524,685.2556613287379,True
140,2026-04-11,2,Regular,TBL at BOS,2-1,skip,away,TBL,,TBL,TBL,SKIP,no_positive_kelly,No Positive Kelly,52.34,51.18,53.7,-1.36,1.16,-116,-116,1.862068965517241,0.0,0.0,0.0,0.0,685.2556613287379,False
141,2026-04-11,2,Regular,STL at CHI,5-3,home,home,CHI,CHI,CHI,STL,LOSS,,,45.64,42.42,44.44,1.19,3.21,125,+125,2.25,2.15,0.54,3.680543070629652,-3.680543070629652,681.5751182581083,True
142,2026-04-11,2,Regular,VGK at COL,3-2,away,away,VGK,VGK,VGK,VGK,WIN,,,58.1,45.17,47.17,10.93,12.93,112,+112,2.12,20.69,5.17,35.25314585969842,39.483523362862236,721.0586416209705,True
143,2026-04-11,2,Regular,NYR at DAL,0-2,skip,home,DAL,,DAL,DAL,SKIP,no_positive_kelly,No Positive Kelly,64.71,62.11,65.03,-0.32,2.61,-186,-186,1.5376344086021505,0.0,0.0,0.0,0.0,721.0586416209705,False
144,2026-04-11,2,Regular,NJD at DET,5-3,away,away,NJD,NJD,NJD,NJD,WIN,,,47.06,44.63,46.73,0.34,2.44,114,+114,2.14,0.63,0.16,1.1360873092993933,1.2951395326013084,722.3537811535718,True
145,2026-04-11,2,Regular,EDM at LAK,0-1,away,away,EDM,EDM,EDM,LAK,LOSS,,,53.7,47.64,50.0,3.7,6.06,100,+100,2.0,7.41,1.85,13.37625142180051,-13.37625142180051,708.9775297317714,True
146,2026-04-11,2,Regular,CBJ at MTL,5-2,away,away,CBJ,CBJ,CBJ,CBJ,WIN,,,50.43,45.05,46.95,3.48,5.38,113,+113,2.13,6.56,1.64,11.624837913176712,13.136066841889683,722.1135965736611,True
147,2026-04-11,2,Regular,WSH at PIT,6-3,home,home,PIT,PIT,PIT,WSH,LOSS,,,53.43,42.27,44.05,9.38,11.16,127,+127,2.27,16.76,4.19,30.253976026888793,-30.253976026888793,691.8596205467722,True
148,2026-04-11,2,Regular,CGY at SEA,1-4,away,away,CGY,CGY,CGY,SEA,LOSS,,,49.87,46.13,48.08,1.79,3.74,108,+108,2.08,3.45,0.86,5.973601251506513,-5.973601251506513,685.8860192952658,True
149,2026-04-11,2,Regular,VAN at SJS,4-3,home,home,SJS,SJS,SJS,VAN,LOSS,,,68.69,64.19,66.89,1.8,4.5,-202,-202,1.495049504950495,5.44,1.36,9.325413162720166,-9.325413162720166,676.5606061325457,True
150,2026-04-11,2,Regular,FLA at TOR,6-2,skip,away,FLA,,FLA,FLA,SKIP,no_positive_kelly,No Positive Kelly,46.36,45.26,46.73,-0.37,1.11,114,+114,2.14,0.0,0.0,0.0,0.0,676.5606061325457,False
151,2026-04-11,2,Regular,CAR at UTA,4-1,skip,home,UTA,,UTA,CAR,SKIP,no_positive_kelly,No Positive Kelly,55.79,54.12,56.71,-0.91,1.68,-131,-131,1.763358778625954,0.0,0.0,0.0,0.0,676.5606061325457,False
152,2026-04-12,2,Regular,VAN at ANA,4-3,skip,away,VAN,,VAN,VAN,SKIP,no_positive_kelly,No Positive Kelly,27.26,26.54,27.7,-0.44,0.73,261,+261,3.61,0.0,0.0,0.0,0.0,676.5606061325457,False
153,2026-04-12,2,Regular,BOS at CBJ,3-2,skip,away,BOS,,BOS,BOS,SKIP,no_positive_kelly,No Positive Kelly,36.85,36.4,38.02,-1.17,0.45,163,+163,2.63,0.0,0.0,0.0,0.0,676.5606061325457,False
154,2026-04-12,2,Regular,UTA at CGY,1-4,skip,home,CGY,,CGY,CGY,SKIP,no_positive_kelly,No Positive Kelly,40.44,40.08,41.84,-1.4,0.36,139,+139,2.39,0.0,0.0,0.0,0.0,676.5606061325457,False
155,2026-04-12,2,Regular,OTT at NJD,3-4,away,away,OTT,OTT,OTT,NJD,LOSS,,,49.51,46.79,49.02,0.49,2.72,104,+104,2.04,0.96,0.24,1.6218191458309097,-1.6218191458309097,674.9387869867147,True
156,2026-04-12,2,Regular,PIT at WSH,0-3,away,away,PIT,PIT,PIT,WSH,LOSS,,,49.26,43.08,45.05,4.21,6.18,122,+122,2.22,7.67,1.92,12.93660905776859,-12.93660905776859,662.0021779289461,True
157,2026-04-13,2,Regular,BUF at CHI,5-1,skip,home,CHI,,CHI,BUF,SKIP,no_positive_kelly,No Positive Kelly,36.8,35.54,37.17,-0.37,1.27,169,+169,2.69,0.0,0.0,0.0,0.0,662.0021779289461,False
158,2026-04-13,2,Regular,COL at EDM,2-1,away,away,COL,COL,COL,COL,WIN,,,68.33,53.13,55.56,12.78,15.21,-125,-125,1.8,28.75,7.19,47.5848329344196,38.067866347535684,700.0700442764818,True
159,2026-04-13,2,Regular,NYR at FLA,2-3,skip,home,FLA,,FLA,FLA,SKIP,no_positive_kelly,No Positive Kelly,42.13,41.19,43.1,-0.98,0.94,132,+132,2.3200000000000003,0.0,0.0,0.0,0.0,700.0700442764818,False
160,2026-04-13,2,Regular,SJS at NSH,3-2,away,away,SJS,SJS,SJS,SJS,WIN,,,45.56,42.08,44.05,1.51,3.48,127,+127,2.27,2.7,0.67,4.724658122650631,6.000315815766301,706.070360092248,True
161,2026-04-13,2,Regular,CAR at PHI,2-3,away,away,CAR,CAR,CAR,PHI,LOSS,,,51.78,40.24,42.02,9.77,11.55,138,+138,2.38,16.84,4.21,29.731296080497497,-29.731296080497497,676.3390640117506,True
162,2026-04-13,2,Regular,LAK at SEA,5-3,home,home,SEA,SEA,SEA,LAK,LOSS,,,45.55,38.83,40.49,5.06,6.72,147,+147,2.47,8.51,2.13,14.389872911244291,-14.389872911244291,661.9491911005063,True
163,2026-04-13,2,Regular,MIN at STL,3-6,skip,away,MIN,,MIN,STL,SKIP,no_positive_kelly,No Positive Kelly,38.09,37.62,39.37,-1.28,0.47,154,+154,2.54,0.0,0.0,0.0,0.0,661.9491911005063,False
164,2026-04-13,2,Regular,DET at TBL,3-4,away,away,DET,DET,DET,TBL,LOSS,,,41.44,36.14,37.74,3.71,5.3,165,+165,2.65,5.95,1.49,9.848934895662703,-9.848934895662703,652.1002562048435,True
165,2026-04-13,2,Regular,DAL at TOR,6-5,away,away,DAL,DAL,DAL,DAL,WIN,,,67.06,63.52,66.22,0.85,3.54,-196,-196,1.510204081632653,2.5,0.63,4.07912892350575,2.0811882262784436,654.1814444311219,True
166,2026-04-13,2,Regular,WPG at VGK,2-6,away,away,WPG,WPG,WPG,VGK,LOSS,,,42.35,38.03,39.68,2.67,4.33,152,+152,2.52,4.43,1.11,7.2447387381682455,-7.2447387381682455,646.9367056929536,True
167,2026-04-14,2,Regular,NJD at BOS,0-4,skip,home,BOS,,BOS,BOS,SKIP,no_positive_kelly,No Positive Kelly,59.13,57.79,60.32,-1.18,1.34,-152,-152,1.6578947368421053,0.0,0.0,0.0,0.0,646.9367056929536,False
168,2026-04-14,2,Regular,WSH at CBJ,2-1,away,away,WSH,WSH,WSH,WSH,WIN,,,55.85,42.04,43.86,11.99,13.81,128,+128,2.28,21.36,5.34,34.543943529697344,44.216247718012596,691.1529534109662,True
169,2026-04-14,2,Regular,ANA at MIN,2-3,skip,home,MIN,,MIN,MIN,SKIP,no_positive_kelly,No Positive Kelly,40.06,39.22,40.98,-0.92,0.84,144,+144,2.44,0.0,0.0,0.0,0.0,691.1529534109662,False
170,2026-04-14,2,Regular,CAR at NYI,2-1,skip,away,CAR,,CAR,CAR,SKIP,no_positive_kelly,No Positive Kelly,39.54,38.22,39.84,-0.3,1.33,151,+151,2.51,0.0,0.0,0.0,0.0,691.1529534109662,False
171,2026-04-14,2,Regular,MTL at PHI,2-4,home,home,PHI,PHI,PHI,PHI,WIN,,,32.94,28.19,29.41,3.53,4.76,240,+240,3.4,5.0,1.25,8.645028991893664,20.748069580544794,711.901022991511,True
172,2026-04-14,2,Regular,PIT at STL,5-7,skip,home,STL,,STL,STL,SKIP,no_positive_kelly,No Positive Kelly,67.34,65.78,68.65,-1.31,1.56,-219,-219,1.45662100456621,0.0,0.0,0.0,0.0,711.901022991511,False
173,2026-04-14,2,Regular,WPG at UTA,3-5,away,away,WPG,WPG,WPG,UTA,LOSS,,,40.26,34.01,35.59,4.67,6.25,181,+181,2.81,7.25,1.81,12.910974639416187,-12.910974639416187,698.9900483520948,True
174,2026-04-14,2,Regular,LAK at VAN,3-4,home,home,VAN,VAN,VAN,VAN,WIN,,,42.58,40.18,42.02,0.57,2.4,138,+138,2.38,0.98,0.24,1.7111483304252177,2.3613846959868003,701.3514330480816,True
175,2026-04-15,2,Regular,DAL at BUF,4-3,home,home,BUF,BUF,BUF,DAL,LOSS,,,47.09,42.84,44.84,2.25,4.25,123,+123,2.23,4.07,1.02,7.141690396019852,-7.141690396019852,694.2097426520618,True
176,2026-04-15,2,Regular,SJS at CHI,2-5,away,away,SJS,SJS,SJS,CHI,LOSS,,,55.88,53.0,55.56,0.33,2.88,-125,-125,1.8,0.74,0.19,1.2843802991937459,-1.2843802991937459,692.925362352868,True
177,2026-04-15,2,Regular,DET at FLA,1-8,home,home,FLA,FLA,FLA,FLA,WIN,,,42.3,39.93,41.67,0.63,2.37,140,+140,2.4,1.09,0.27,1.8824121859869465,2.635377060381725,695.5607394132497,True
178,2026-04-15,2,Regular,TOR at OTT,1-3,away,away,TOR,TOR,TOR,OTT,LOSS,,,43.77,35.9,37.45,6.31,7.87,167,+167,2.67,10.1,2.52,17.55509444500741,-17.55509444500741,678.0056449682423,True
179,2026-04-15,2,Regular,NYR at TBL,4-2,away,away,NYR,NYR,NYR,NYR,WIN,,,48.8,42.27,44.05,4.74,6.52,127,+127,2.27,8.48,2.12,14.368351769759297,18.247806747594307,696.2534517158366,True
180,2026-04-15,2,Regular,SEA at VGK,1-4,skip,away,SEA,,SEA,VGK,SKIP,no_positive_kelly,No Positive Kelly,26.17,26.43,27.55,-1.38,-0.26,263,+263,3.63,0.0,0.0,0.0,0.0,696.2534517158366,False
181,2026-04-16,2,Regular,LAK at CGY,1-3,home,home,CGY,CGY,CGY,CGY,WIN,,,44.55,39.42,41.15,3.39,5.12,143,+143,2.43,5.77,1.44,10.037186574946164,14.353176802173016,710.6066285180096,True
182,2026-04-16,2,Regular,SEA at COL,0-2,away,away,SEA,SEA,SEA,COL,LOSS,,,38.74,34.25,35.71,3.02,4.48,180,+180,2.8,4.7,1.18,8.352289265756047,-8.352289265756047,702.2543392522535,True
183,2026-04-16,2,Regular,VAN at EDM,1-6,away,away,VAN,VAN,VAN,EDM,LOSS,,,30.78,25.36,26.6,4.18,5.42,276,+276,3.76,5.7,1.42,10.006378043861242,-10.006378043861242,692.2479612083923,True
184,2026-04-16,2,Regular,SJS at WPG,6-1,away,away,SJS,SJS,SJS,SJS,WIN,,,42.7,40.82,42.55,0.15,1.88,135,+135,2.35,0.26,0.07,0.45158002142106785,0.6096330289184416,692.8575942373108,True
185,2026-04-18,3,Playoffs,OTT at CAR,0-2,away,away,OTT,OTT,OTT,CAR,LOSS,,,47.23,43.01,45.05,2.19,4.22,122,+122,2.22,3.98,0.99,6.891154248619801,-6.891154248619801,685.9664399886909,True
186,2026-04-18,3,Playoffs,PHI at PIT,3-2,away,away,PHI,PHI,PHI,PHI,WIN,,,51.7,43.15,45.05,6.66,8.55,122,+122,2.22,12.12,3.03,20.776462018950316,25.347283663119388,711.3137236518103,True
187,2026-04-19,3,Playoffs,BOS at BUF,3-4,away,away,BOS,BOS,BOS,BUF,LOSS,,,43.74,39.72,41.49,2.24,4.01,141,+141,2.41,3.83,0.96,6.817052025365072,-6.817052025365072,704.4966716264452,True
188,2026-04-19,3,Playoffs,LAK at COL,1-2,skip,away,LAK,,LAK,COL,SKIP,no_positive_kelly,No Positive Kelly,27.75,28.61,29.85,-2.1,-0.86,235,+235,3.35,0.0,0.0,0.0,0.0,704.4966716264452,False
189,2026-04-19,3,Playoffs,MTL at TBL,4-3,away,away,MTL,MTL,MTL,MTL,WIN,,,47.87,38.22,39.84,8.03,9.65,151,+151,2.51,13.35,3.34,23.506981539270836,35.49554212429896,739.9922137507441,True
190,2026-04-19,3,Playoffs,UTA at VGK,2-4,skip,home,VGK,,VGK,VGK,SKIP,no_positive_kelly,No Positive Kelly,61.02,59.29,61.98,-0.96,1.73,-163,-163,1.6134969325153374,0.0,0.0,0.0,0.0,739.9922137507441,False
191,2026-04-20,3,Playoffs,OTT at CAR,2-3,away,away,OTT,OTT,OTT,CAR,LOSS,,,44.77,41.76,43.48,1.29,3.01,130,+130,2.3,2.28,0.57,4.223740741960623,-4.223740741960623,735.7684730087835,True
192,2026-04-20,3,Playoffs,MIN at DAL,2-4,away,away,MIN,MIN,MIN,DAL,LOSS,,,45.4,43.11,44.84,0.55,2.29,123,+123,2.23,1.0,0.25,1.8429721555737169,-1.8429721555737169,733.9255008532098,True
193,2026-04-20,3,Playoffs,ANA at EDM,3-4,skip,away,ANA,,ANA,EDM,SKIP,no_positive_kelly,No Positive Kelly,36.46,36.18,37.74,-1.28,0.28,165,+165,2.65,0.0,0.0,0.0,0.0,733.9255008532098,False
194,2026-04-20,3,Playoffs,PHI at PIT,3-0,away,away,PHI,PHI,PHI,PHI,WIN,,,52.18,42.08,44.05,8.12,10.09,127,+127,2.27,14.52,3.63,26.638522257599686,33.830923267151604,767.7564241203613,True
195,2026-04-21,3,Playoffs,BOS at BUF,4-2,away,away,BOS,BOS,BOS,BOS,WIN,,,44.35,40.04,41.67,2.68,4.31,140,+140,2.4,4.6,1.15,8.826443231503331,12.357020524104664,780.113444644466,True
196,2026-04-21,3,Playoffs,LAK at COL,1-2,home,home,COL,COL,COL,COL,WIN,,,75.1,70.61,73.68,1.41,4.49,-280,-280,1.3571428571428572,5.36,1.34,10.458513764384385,3.735183487280138,783.8486281317461,True
197,2026-04-21,3,Playoffs,MTL at TBL,2-3,away,away,MTL,MTL,MTL,TBL,LOSS,,,48.54,37.39,39.06,9.47,11.14,156,+156,2.56,15.55,3.89,30.464248379306753,-30.464248379306753,753.3843797524394,True
198,2026-04-21,3,Playoffs,UTA at VGK,3-2,away,away,UTA,UTA,UTA,UTA,WIN,,,46.51,41.91,43.86,2.65,4.6,128,+128,2.28,4.72,1.18,8.893434118253005,11.383595671363844,764.7679754238033,True
199,2026-04-22,3,Playoffs,ANA at EDM,6-4,skip,home,EDM,,EDM,ANA,SKIP,no_positive_kelly,No Positive Kelly,64.54,63.22,66.1,-1.56,1.33,-195,-195,1.5128205128205128,0.0,0.0,0.0,0.0,764.7679754238033,False
200,2026-04-22,3,Playoffs,DAL at MIN,4-3,away,away,DAL,DAL,DAL,DAL,WIN,,,50.27,48.15,49.26,1.01,2.12,103,+103,2.03,1.99,0.5,3.804038283401127,3.91815943190316,768.6861348557064,True
201,2026-04-23,3,Playoffs,BUF at BOS,3-1,skip,away,BUF,,BUF,BUF,SKIP,no_positive_kelly,No Positive Kelly,50.26,48.7,50.98,-0.72,1.56,-104,-104,1.9615384615384617,0.0,0.0,0.0,0.0,768.6861348557064,False
202,2026-04-23,3,Playoffs,COL at LAK,4-2,away,away,COL,COL,COL,COL,WIN,,,69.56,62.75,64.79,4.77,6.81,-184,-184,1.5434782608695652,13.55,3.39,26.04009073260658,14.152223224242706,782.8383580799491,True
203,2026-04-23,3,Playoffs,CAR at OTT,2-1,away,away,CAR,CAR,CAR,CAR,WIN,,,49.13,46.54,48.54,0.59,2.59,106,+106,2.06,1.14,0.29,2.240229478451112,2.3746432471581786,785.2130013271072,True
204,2026-04-24,3,Playoffs,TBL at MTL,2-3,skip,away,TBL,,TBL,MTL,SKIP,no_positive_kelly,No Positive Kelly,53.03,51.83,54.34,-1.3,1.2,-119,-119,1.8403361344537816,0.0,0.0,0.0,0.0,785.2130013271072,False
205,2026-04-24,3,Playoffs,VGK at UTA,2-4,skip,away,VGK,,VGK,UTA,SKIP,no_positive_kelly,No Positive Kelly,54.28,51.93,54.55,-0.27,2.35,-120,-120,1.8333333333333333,0.0,0.0,0.0,0.0,785.2130013271072,False
206,2026-04-25,3,Playoffs,DAL at MIN,2-3,away,away,DAL,DAL,DAL,MIN,LOSS,,,50.99,45.96,48.08,2.91,5.03,108,+108,2.08,5.61,1.4,11.00977899752602,-11.00977899752602,774.2032223295812,True
207,2026-04-25,3,Playoffs,CAR at OTT,4-2,home,home,OTT,OTT,OTT,CAR,LOSS,,,47.78,44.51,46.51,1.27,3.27,115,+115,2.15,2.38,0.59,4.598342253719362,-4.598342253719362,769.6048800758618,True
208,2026-04-25,3,Playoffs,PIT at PHI,4-2,away,away,PIT,PIT,PIT,PIT,WIN,,,50.93,46.63,48.54,2.39,4.3,106,+106,2.06,4.64,1.16,8.92765219905242,9.463311330995564,779.0681914068574,True
209,2026-04-26,3,Playoffs,BUF at BOS,6-1,away,away,BUF,BUF,BUF,BUF,WIN,,,53.24,47.83,50.0,3.24,5.42,-100,-100,2.0,6.49,1.62,12.63935601473509,12.63935601473509,791.7075474215925,True
210,2026-04-26,3,Playoffs,COL at LAK,5-1,away,away,COL,COL,COL,COL,WIN,,,72.34,61.88,64.41,7.93,10.46,-181,-181,1.5524861878453038,22.28,5.57,44.097065364326404,24.363019538301877,816.0705669598943,True
211,2026-04-26,3,Playoffs,TBL at MTL,3-2,home,home,MTL,MTL,MTL,TBL,LOSS,,,51.45,47.95,50.25,1.21,3.5,-101,-101,1.99009900990099,2.42,0.61,4.9455946988515205,-4.9455946988515205,811.1249722610428,True
212,2026-04-27,3,Playoffs,PHI at PIT,2-3,away,away,PHI,PHI,PHI,PIT,LOSS,,,56.21,45.73,47.62,8.59,10.49,110,+110,2.1,16.41,4.1,33.27088632161722,-33.27088632161722,777.8540859394255,True
213,2026-04-27,3,Playoffs,VGK at UTA,5-4,home,home,UTA,UTA,UTA,VGK,LOSS,,,47.6,40.75,42.02,5.58,6.85,138,+138,2.38,9.63,2.41,18.719414899557403,-18.719414899557403,759.1346710398682,True
214,2026-04-28,3,Playoffs,BOS at BUF,2-1,skip,away,BOS,,BOS,BOS,SKIP,no_positive_kelly,No Positive Kelly,39.61,39.62,41.32,-1.72,-0.02,142,+142,2.42,0.0,0.0,0.0,0.0,759.1346710398682,False
215,2026-04-28,3,Playoffs,MIN at DAL,4-2,away,away,MIN,MIN,MIN,MIN,WIN,,,51.6,50.12,51.46,0.14,1.48,-106,-106,1.9433962264150944,0.29,0.07,0.5517043927328109,0.520475842200765,759.655146882069,True
216,2026-04-28,3,Playoffs,ANA at EDM,1-4,away,away,ANA,ANA,ANA,EDM,LOSS,,,49.71,41.15,42.92,6.79,8.57,133,+133,2.33,11.9,2.98,22.604744594991537,-22.604744594991537,737.0504022870774,True
217,2026-04-29,3,Playoffs,PIT at PHI,0-1,away,away,PIT,PIT,PIT,PHI,LOSS,,,52.61,47.64,50.0,2.61,4.97,100,+100,2.0,5.22,1.31,9.618518411864594,-9.618518411864594,727.4318838752129,True
218,2026-04-29,3,Playoffs,MTL at TBL,3-2,away,away,MTL,MTL,MTL,MTL,WIN,,,52.04,44.41,45.45,6.59,7.63,120,+120,2.2,12.08,3.02,21.967449426924397,26.36093931230928,753.7928231875221,True
219,2026-04-29,3,Playoffs,UTA at VGK,4-5,skip,away,UTA,,UTA,VGK,SKIP,no_positive_kelly,No Positive Kelly,41.06,40.35,42.02,-0.95,0.72,138,+138,2.38,0.0,0.0,0.0,0.0,753.7928231875221,False
220,2026-04-30,3,Playoffs,DAL at MIN,2-5,away,away,DAL,DAL,DAL,MIN,LOSS,,,53.77,46.25,48.31,5.46,7.52,107,+107,2.0700000000000003,10.57,2.64,19.91065943251711,-19.91065943251711,733.882163755005,True
221,2026-05-01,3,Playoffs,TBL at MTL,1-0,skip,home,MTL,,MTL,TBL,SKIP,no_positive_kelly,No Positive Kelly,48.43,48.26,50.5,-2.06,0.17,-102,-102,1.9803921568627447,0.0,0.0,0.0,0.0,733.882163755005,False
222,2026-05-01,3,Playoffs,VGK at UTA,5-1,away,away,VGK,VGK,VGK,VGK,WIN,,,55.52,51.86,54.13,1.39,3.66,-118,-118,1.847457627118644,3.03,0.76,5.557056010056211,4.709369500047637,738.5915332550526,True
223,2026-05-02,3,Playoffs,PHI at CAR,0-3,home,home,CAR,CAR,CAR,CAR,WIN,,,77.2,68.8,71.83,5.37,8.4,-255,-255,1.392156862745098,19.05,4.76,35.17765367713615,13.795158304759273,752.3866915598119,True
224,2026-05-03,3,Playoffs,MIN at COL,6-9,home,home,COL,COL,COL,COL,WIN,,,73.46,64.27,67.11,6.35,9.19,-204,-204,1.4901960784313726,19.31,4.83,36.31822942082068,17.803053637657197,770.189745197469,True
225,2026-05-03,3,Playoffs,MTL at TBL,2-1,away,away,MTL,MTL,MTL,MTL,WIN,,,46.8,40.55,42.37,4.42,6.25,136,+136,2.3600000000000003,7.68,1.92,14.780559658461872,20.10156113550815,790.2913063329772,True
226,2026-05-04,3,Playoffs,PHI at CAR,2-3,home,home,CAR,CAR,CAR,CAR,WIN,,,77.35,70.48,73.47,3.87,6.87,-277,-277,1.3610108303249098,14.6,3.65,28.853234279153263,10.416330064676268,800.7076363976535,True
227,2026-05-04,3,Playoffs,ANA at VGK,1-3,away,away,ANA,ANA,ANA,VGK,LOSS,,,44.16,39.18,40.82,3.34,4.98,145,+145,2.45,5.65,1.41,11.306758053681358,-11.306758053681358,789.4008783439721,True
228,2026-05-05,3,Playoffs,MIN at COL,2-5,away,away,MIN,MIN,MIN,COL,LOSS,,,42.16,35.93,37.45,4.71,6.23,167,+167,2.67,7.52,1.88,14.850309922663639,-14.850309922663639,774.5505684213084,True
229,2026-05-06,3,Playoffs,MTL at BUF,2-4,away,away,MTL,MTL,MTL,BUF,LOSS,,,48.96,44.02,45.87,3.09,4.94,118,+118,2.18,5.71,1.43,11.061530723308552,-11.061530723308552,763.4890376979998,True
230,2026-05-06,3,Playoffs,ANA at VGK,3-1,away,away,ANA,ANA,ANA,ANA,WIN,,,47.69,41.64,43.48,4.21,6.05,130,+130,2.3,7.45,1.86,14.214749921182907,18.479174897537778,781.9682125955376,True
231,2026-05-07,3,Playoffs,CAR at PHI,4-1,home,home,PHI,PHI,PHI,CAR,LOSS,,,48.2,39.83,41.49,6.71,8.37,141,+141,2.41,11.47,2.87,22.4173031947618,-22.4173031947618,759.5509094007758,True
232,2026-05-09,3,Playoffs,COL at MIN,1-5,away,away,COL,COL,COL,MIN,LOSS,,,61.67,54.32,56.9,4.77,7.35,-132,-132,1.7575757575757576,11.07,2.77,21.02143862264366,-21.02143862264366,738.5294707781321,True
233,2026-05-09,3,Playoffs,CAR at PHI,3-2,home,home,PHI,PHI,PHI,CAR,LOSS,,,45.26,35.94,37.59,7.67,9.32,166,+166,2.66,12.28,3.07,22.679494704896104,-22.679494704896104,715.849976073236,True
234,2026-05-10,3,Playoffs,VGK at ANA,3-4,away,away,VGK,VGK,VGK,ANA,LOSS,,,56.08,47.83,50.0,6.08,8.26,100,+100,2.0,12.17,3.04,21.775563725518676,-21.775563725518676,694.0744123477174,True
235,2026-05-11,3,Playoffs,COL at MIN,5-2,home,home,MIN,MIN,MIN,COL,LOSS,,,47.98,42.04,43.86,4.12,5.94,128,+128,2.28,7.34,1.83,12.729264178719669,-12.729264178719669,681.3451481689978,True
236,2026-05-12,3,Playoffs,BUF at MTL,3-2,away,away,BUF,BUF,BUF,BUF,WIN,,,51.3,42.55,44.44,6.86,8.75,125,+125,2.25,12.34,3.09,21.024835973618185,26.28104496702273,707.6261931360204,True
237,2026-05-12,3,Playoffs,ANA at VGK,2-3,away,away,ANA,ANA,ANA,VGK,LOSS,,,44.72,39.72,41.49,3.23,5.0,141,+141,2.41,5.52,1.38,9.757419755828384,-9.757419755828384,697.868773380192,True
238,2026-05-13,3,Playoffs,MIN at COL,3-4,skip,away,MIN,,MIN,COL,SKIP,no_positive_kelly,No Positive Kelly,34.37,33.42,34.84,-0.47,0.96,187,+187,2.87,0.0,0.0,0.0,0.0,697.868773380192,False
239,2026-05-14,3,Playoffs,VGK at ANA,5-1,skip,home,ANA,,ANA,VGK,SKIP,no_positive_kelly,No Positive Kelly,55.35,53.37,55.56,-0.21,1.98,-125,-125,1.8,0.0,0.0,0.0,0.0,697.868773380192,False
240,2026-05-16,3,Playoffs,BUF at MTL,8-3,away,away,BUF,BUF,BUF,BUF,WIN,,,45.79,39.13,40.82,4.97,6.66,145,+145,2.45,8.4,2.1,14.648142671478471,21.239806873643786,719.1085802538358,True
241,2026-05-20,3,Playoffs,VGK at COL,4-2,away,away,VGK,VGK,VGK,VGK,WIN,,,44.74,39.52,41.32,3.42,5.22,142,+142,2.42,5.82,1.46,10.46533747849484,14.860779219462673,733.9693594732985,True
242,2026-05-21,3,Playoffs,MTL at CAR,6-2,home,home,CAR,CAR,CAR,MTL,LOSS,,,77.59,65.04,68.15,9.44,12.55,-214,-214,1.4672897196261685,29.64,7.41,54.39544386481432,-54.39544386481432,679.5739156084842,True
243,2026-05-22,3,Playoffs,VGK at COL,3-1,away,away,VGK,VGK,VGK,VGK,WIN,,,42.01,37.21,38.76,3.25,4.8,158,+158,2.58,5.3,1.33,9.01156415180122,14.238271359845928,693.8121869683301,True
244,2026-05-23,3,Playoffs,MTL at CAR,2-3,away,away,MTL,MTL,MTL,CAR,LOSS,,,36.56,35.01,36.5,0.06,1.54,174,+174,2.74,0.09,0.02,0.1606230739493146,-0.1606230739493146,693.6515638943808,True
245,2026-05-24,3,Playoffs,COL at VGK,3-5,away,away,COL,COL,COL,VGK,LOSS,,,61.03,58.09,60.78,0.25,2.95,-155,-155,1.6451612903225803,0.64,0.16,1.1076117728744854,-1.1076117728744854,692.5439521215063,True
246,2026-05-25,3,Playoffs,CAR at MTL,3-2,skip,home,MTL,,MTL,CAR,SKIP,no_positive_kelly,No Positive Kelly,42.92,41.85,43.86,-0.94,1.07,128,+128,2.28,0.0,0.0,0.0,0.0,692.5439521215063,False
247,2026-05-26,3,Playoffs,COL at VGK,1-2,away,away,COL,COL,COL,VGK,LOSS,,,57.14,50.32,52.83,4.31,6.82,-112,-112,1.8928571428571428,9.13,2.28,15.81138288235201,-15.81138288235201,676.7325692391543,True
248,2026-05-27,3,Playoffs,CAR at MTL,4-0,skip,home,MTL,,MTL,CAR,SKIP,no_positive_kelly,No Positive Kelly,42.01,42.21,44.05,-2.04,-0.2,127,+127,2.27,0.0,0.0,0.0,0.0,676.7325692391543,False
249,2026-05-29,3,Playoffs,MTL at CAR,1-6,home,home,CAR,CAR,CAR,CAR,WIN,,,76.69,69.08,72.3,4.39,7.61,-261,-261,1.3831417624521074,15.84,3.96,26.803008331754764,10.26935185124704,687.0019210904013,True
250,2026-06-02,3,Playoffs,VGK at CAR,5-4,away,away,VGK,VGK,VGK,VGK,WIN,,,52.65,41.7,43.48,9.18,10.95,130,+130,2.3,16.24,4.06,27.884657413052683,36.250054636968486,723.2519757273698,True
